"";"study";"comparison";"condition_arm1";"condition_arm2";"multi_arm1";"multi_arm2";"descr_arm1";"descr_arm2";".g";".g_se";"outcome_type";"instrument";"rating";"mean_arm1";"sd_arm1";"n_arm1";"mean_arm2";"sd_arm2";"n_arm2";"mean_change_arm1";"mean_change_arm2";"sd_change_arm1";"sd_change_arm2";"n_change_arm1";"n_change_arm2";"dich_paper";"event_arm1";"event_arm2";"totaln_arm1";"totaln_arm2";"precalc_g";"precalc_g_se";"precalc_log_rr";"precalc_log_rr_se";"other_stats";"baseline_m_arm1";"baseline_sd_arm1";"baseline_n_arm1";"baseline_m_arm2";"baseline_sd_arm2";"baseline_n_arm2";"time";"time_weeks";"year";"comorbid_mental";"comorbid_mental?";"format";"format_details";"n_sessions_ig";"country";"age_group";"mean_age";"percent_women";"recruitment";"diagnosis";"target_group";"target_group?";"sg";"ac";"ba";"itt";"rob";"note";"full_ref";".id";".log_rr";".log_rr_se";".event_arm1";".event_arm2";".totaln_arm1";".totaln_arm2"
"1";"Ackerson, 1998";"PSY vs CTR";"cbt";"wl";NA;NA;"cbt";"wlc";2,477;0,578;"msd";"ham-d";"clinician";8,8;5,3;12;20,5;3,4;10;NA;NA;NA;NA;NA;NA;NA;NA;NA;NA;NA;NA;NA;NA;NA;NA;19,9;5,5;12;21;5;10;"post";NA;1998;"n";NA;"gsh";"gsh";"4";"us";"adol";16;0,64;"com";"cut";"adol";NA;0;0;"0";0;0;NA;"Ackerson, J., Scogin, F., McKendree-Smith, N., & Lyman, R. D. (1998). Cognitive bibliotherapy for mild and moderate adolescent depressive symptomatology. J Consult Clin Psychol, 66(4), 685-690. ";"Ackerson_1998_msd_ham-d_post_NA_clinician_cbt_wlc_NA_NA";NA;NA;NA;NA;NA;NA
"2";"Ackerson, 1998";"PSY vs CTR";"cbt";"wl";NA;NA;"cbt";"wlc";1,014;0,457;"msd";"cdi";"self-report";9,4;6,7;12;15,8;5,2;10;NA;NA;NA;NA;NA;NA;NA;NA;NA;NA;NA;NA;NA;NA;NA;NA;19,2;7,1;12;16,8;4,5;10;"post";NA;1998;"n";NA;"gsh";"gsh";"4";"us";"adol";16;0,64;"com";"cut";"adol";NA;0;0;"0";0;0;NA;"Ackerson, J., Scogin, F., McKendree-Smith, N., & Lyman, R. D. (1998). Cognitive bibliotherapy for mild and moderate adolescent depressive symptomatology. J Consult Clin Psychol, 66(4), 685-690. ";"Ackerson_1998_msd_cdi_post_NA_self-report_cbt_wlc_NA_NA";NA;NA;NA;NA;NA;NA
"3";"Ackerson, 1998";"PSY vs CTR";"cbt";"wl";NA;NA;"cbt";"wlc";0,428;0,433;"msd";"cbcl-d";"parent_report";64,8;10,1;12;69,5;11,1;10;NA;NA;NA;NA;NA;NA;NA;NA;NA;NA;NA;NA;NA;NA;NA;NA;71,9;9,5;12;70,9;9,1;10;"post";NA;1998;"n";NA;"gsh";"gsh";"4";"us";"adol";16;0,64;"com";"cut";"adol";NA;0;0;"0";0;0;NA;"Ackerson, J., Scogin, F., McKendree-Smith, N., & Lyman, R. D. (1998). Cognitive bibliotherapy for mild and moderate adolescent depressive symptomatology. J Consult Clin Psychol, 66(4), 685-690. ";"Ackerson_1998_msd_cbcl-d_post_NA_parent_report_cbt_wlc_NA_NA";NA;NA;NA;NA;NA;NA
"4";"Arnarson, 2009";"PSY vs CTR";"cbt";"cau";NA;NA;"cbt";"cau";0,897;0,855;"dich";"DSM";"clinician";NA;NA;NA;NA;NA;NA;NA;NA;NA;NA;NA;NA;"DSM-no diagnosis of new (initial)episdes of depression and/or dystimia";80;78;80;80;NA;NA;NA;NA;NA;NA;NA;NA;NA;NA;NA;"post";NA;2009;"n";NA;"grp";"grp";"14";"eu";"adol";14,5;0,51;"oth";"sub";"adol";NA;0;0;"1";0;1;NA;"Arnarson, E. Ö., & Craighead, W. E. (2009). Prevention of depression among Icelandic adolescents. Behaviour Research and Therapy, 47(7), 577-585. ";"Arnarson_2009_dich_DSM_post_NA_clinician_cbt_cau_NA_NA";0,02531780798429;0,0179028718509858;80;78;80;80
"5";"Asarnow, 2002";"PSY vs CTR";"cbt";"wl";NA;NA;"cbt + family education";"wlc";0,302;0,42;"msd";"cdi";"self-report";9,54;7,1;12;12,33;10,56;11;NA;NA;NA;NA;NA;NA;NA;NA;NA;NA;NA;NA;NA;NA;NA;NA;NA;NA;NA;NA;NA;NA;"post";NA;2002;"n";NA;"ind";"ind";"10";"us";"child";NA;0,65;"oth";"cut";"child";NA;0;0;"sr";0;1;NA;"Asarnow, J. R., Scott, C. V., & Mintz, J. (2002). A combined cognitive–behavioral family education intervention for depression in children: A treatment development study. Cognitive Therapy and Research, 26(2), 221-229. ";"Asarnow_2002_msd_cdi_post_NA_self-report_cbt_wlc_NA_NA";NA;NA;NA;NA;NA;NA
"6";"Bolton, 2007";"PSY vs CTR";"ipt";"wl";"ipt";"wlc";"ipt";"wlc";0,571;0,141;"msd";"Acholi Psychosocial Assessment Instrument (APAI): a local instrument";"clinician";27,8;17,2;105;37,3;15,9;104;NA;NA;NA;NA;NA;NA;NA;NA;NA;NA;NA;NA;NA;NA;NA;NA;43,5;10,1;105;44,2;10,8;104;"post";NA;2007;"n";NA;"oth";"16 weekly group sessions + proceeded by 1 or 2 individuals meetings";"14.1";"other";"adol";14,97;0,57;"oth";"cut";"adol";NA;1;0;"1";1;3;NA;"Bolton, P., Bass, J., Betancourt, T., Speelman, L., Onyango, G., Clougherty, K. F., . . . Verdeli, H. (2007). Interventions for depression symptoms among adolescent survivors of war and displacement in northern Uganda: a randomized controlled trial [Randomized Controlled Trial; Research Support, Non-U.S. Gov't]. Jama, 298(5), 519-527. doi:10.1001/jama.298.5.519. (Accession No. CN-00590482)";"Bolton_2007_msd_AcholiPsychosocialAssessmentInstrument(APAI):alocalinstrument_post_NA_clinician_ipt_wlc_ipt_wlc";NA;NA;NA;NA;NA;NA
"7";"Bolton, 2007";"PSY vs CTR";"ipt";"other ctr";"ipt";"creative play";"ipt";"creative play";0,775;0,143;"msd";"Acholi Psychosocial Assessment Instrument (APAI): a local instrument";"clinician";27,8;17,2;105;40,6;15,7;105;NA;NA;NA;NA;NA;NA;NA;NA;NA;NA;NA;NA;NA;NA;NA;NA;43,5;10,1;105;44,2;11,2;105;"post";NA;2007;"n";NA;"oth";"16 weekly group sessions + proceeded by 1 or 2 individuals meetings";"14.1";"other";"adol";14,97;0,57;"oth";"cut";"adol";NA;1;0;"1";1;3;NA;"Bolton, P., Bass, J., Betancourt, T., Speelman, L., Onyango, G., Clougherty, K. F., . . . Verdeli, H. (2007). Interventions for depression symptoms among adolescent survivors of war and displacement in northern Uganda: a randomized controlled trial [Randomized Controlled Trial; Research Support, Non-U.S. Gov't]. Jama, 298(5), 519-527. doi:10.1001/jama.298.5.519. (Accession No. CN-00590482)";"Bolton_2007_msd_AcholiPsychosocialAssessmentInstrument(APAI):alocalinstrument_post_NA_clinician_ipt_otherctr_ipt_creativeplay";NA;NA;NA;NA;NA;NA
"8";"Charkhandeh, 2016";"PSY vs CTR";"cbt";"wl";"cbt";"wlc";"cbt";"wlc";2,009;0,22;"msd";"cdi";"self-report";19,94;5,59;65;30,38;4,66;60;NA;NA;NA;NA;NA;NA;NA;NA;NA;NA;NA;NA;NA;NA;NA;NA;29,46;5,47;65;30,35;5,45;60;"post";NA;2016;"n";NA;"ind";"ind";"24";"oth";"adol";15,26;0,54;"clin";"mdd";"adol";NA;1;0;"sr";0;2;NA;"Charkhandeh, M., Talib, M. A., & Hunt, C. J. (2016). The clinical effectiveness of cognitive behavior therapy and an alternative medicine approach in reducing symptoms of depression in adolescents. Psychiatry research, 239, 325-330. ";"Charkhandeh_2016_msd_cdi_post_NA_self-report_cbt_wlc_cbt_wlc";NA;NA;NA;NA;NA;NA
"9";"Charkhandeh, 2016";"PSY vs CTR";"cbt";"other ctr";"cbt";"other ctr";"cbt";"Reiki";1,108;0,19;"msd";"cdi";"self-report";19,94;5,59;65;26,33;5,88;63;NA;NA;NA;NA;NA;NA;NA;NA;NA;NA;NA;NA;NA;NA;NA;NA;29,46;5,47;65;30;5,37;63;"post";NA;2016;"n";NA;"ind";"ind";"24";"oth";"adol";15,26;0,54;"clin";"mdd";"adol";NA;1;0;"sr";0;2;NA;"Charkhandeh, M., Talib, M. A., & Hunt, C. J. (2016). The clinical effectiveness of cognitive behavior therapy and an alternative medicine approach in reducing symptoms of depression in adolescents. Psychiatry research, 239, 325-330. ";"Charkhandeh_2016_msd_cdi_post_NA_self-report_cbt_otherctr_cbt_otherctr";NA;NA;NA;NA;NA;NA
"10";"Clarke, 1995";"PSY vs CTR";"cbt";"cau";NA;NA;"cbt+cau";"cau";0,339;0,186;"msd";"ces-d";"self-report";17,88;9,3;52;21,67;12,3;68;NA;NA;NA;NA;NA;NA;NA;NA;NA;NA;NA;NA;NA;NA;NA;NA;24,29;9,6;55;21,88;9,2;70;"post";NA;1995;"n";NA;"grp";"grp";"15";"us";"adol";15,3;0,7;"oth";"sub";"adol";NA;0;0;"0";0;0;NA;"Clarke, G. N., Hawkins, W., Murphy, M., Sheeber, L. B., Lewinsohn, P. M., & Seeley, J. R. (1995). Targeted prevention of unipolar depressive disorder in an at-risk sample of high school adolescents: A randomized trial of a group cognitive intervention. Journal of the American Academy of Child & Adolescent Psychiatry, 34(3), 312-321. ";"Clarke_1995_msd_ces-d_post_NA_self-report_cbt_cau_NA_NA";NA;NA;NA;NA;NA;NA
"11";"Clarke, 1995";"PSY vs CTR";"cbt";"cau";NA;NA;"cbt+cau";"cau";0,284;0,185;"msd";"ham-d";"clinician";1,87;2,5;52;2,91;4,3;68;NA;NA;NA;NA;NA;NA;NA;NA;NA;NA;NA;NA;NA;NA;NA;NA;3,55;3,2;55;3,86;3,1;70;"post";NA;1995;"n";NA;"grp";"grp";"15";"us";"adol";15,3;0,7;"oth";"sub";"adol";NA;0;0;"0";0;0;NA;"Clarke, G. N., Hawkins, W., Murphy, M., Sheeber, L. B., Lewinsohn, P. M., & Seeley, J. R. (1995). Targeted prevention of unipolar depressive disorder in an at-risk sample of high school adolescents: A randomized trial of a group cognitive intervention. Journal of the American Academy of Child & Adolescent Psychiatry, 34(3), 312-321. ";"Clarke_1995_msd_ham-d_post_NA_clinician_cbt_cau_NA_NA";NA;NA;NA;NA;NA;NA
"12";"Clarke, 1999";"PSY vs CTR";"cbt";"wl";"cbt";"wlc";"cbt";"wlc";0,526;0,257;"msd";"ham-d";"clinician";4,6;4,8;37;7,7;7;27;NA;NA;NA;NA;NA;NA;NA;NA;NA;NA;NA;NA;NA;NA;NA;NA;13;5,3;37;14,5;5,9;27;"post";NA;1999;"n";NA;"grp";"grp";"16";"us";"adol";16,2;0,71;"com";"mood";"adol";NA;0;0;"1";0;1;NA;"Clarke, G. N., Rohde, P., Lewinsohn, P. M., Hops, H., & Seeley, J. R. (1999). Cognitive-behavioral treatment of adolescent depression: efficacy of acute group treatment and booster sessions. Journal of the American Academy of Child & Adolescent Psychiatry, 38(3), 272-279. ";"Clarke_1999_msd_ham-d_post_NA_clinician_cbt_wlc_cbt_wlc";NA;NA;NA;NA;NA;NA
"13";"Clarke, 1999";"PSY vs CTR";"cbt";"wl";"cbt";"wlc";"cbt";"wlc";0,581;0,258;"msd";"bdi";"self-report";10,1;9,1;37;16;11,2;27;NA;NA;NA;NA;NA;NA;NA;NA;NA;NA;NA;NA;NA;NA;NA;NA;26,5;9,4;37;24,2;10,8;27;"post";NA;1999;"n";NA;"grp";"grp";"16";"us";"adol";16,2;0,71;"com";"mood";"adol";NA;0;0;"sr";0;1;NA;"Clarke, G. N., Rohde, P., Lewinsohn, P. M., Hops, H., & Seeley, J. R. (1999). Cognitive-behavioral treatment of adolescent depression: efficacy of acute group treatment and booster sessions. Journal of the American Academy of Child & Adolescent Psychiatry, 38(3), 272-279. ";"Clarke_1999_msd_bdi_post_NA_self-report_cbt_wlc_cbt_wlc";NA;NA;NA;NA;NA;NA
"14";"Clarke, 1999";"PSY vs CTR";"cbt";"wl";"cbt";"wlc";"cbt";"wlc";-0,472;0,257;"msd";"cbcl-d";"parent_report";11,5;4,7;37;9;5,9;27;NA;NA;NA;NA;NA;NA;NA;NA;NA;NA;NA;NA;NA;NA;NA;NA;14,5;4;37;14,9;4,9;27;"post";NA;1999;"n";NA;"grp";"grp";"16";"us";"adol";16,2;0,71;"com";"mood";"adol";NA;0;0;"1";0;1;NA;"Clarke, G. N., Rohde, P., Lewinsohn, P. M., Hops, H., & Seeley, J. R. (1999). Cognitive-behavioral treatment of adolescent depression: efficacy of acute group treatment and booster sessions. Journal of the American Academy of Child & Adolescent Psychiatry, 38(3), 272-279. ";"Clarke_1999_msd_cbcl-d_post_NA_parent_report_cbt_wlc_cbt_wlc";NA;NA;NA;NA;NA;NA
"15";"Clarke, 1999";"PSY vs CTR";"cbt";"wl";"cbt + parenting group";"wlc";"cbt + parenting group";"wlc";0,14;0,262;"msd";"ham-d";"clinician";6,7;7,1;32;7,7;7;27;NA;NA;NA;NA;NA;NA;NA;NA;NA;NA;NA;NA;NA;NA;NA;NA;15,1;6;32;14,5;5,9;27;"post";NA;1999;"n";NA;"grp";"grp";"16";"us";"adol";16,2;0,71;"com";"mood";"adol";NA;0;0;"1";0;1;NA;"Clarke, G. N., Rohde, P., Lewinsohn, P. M., Hops, H., & Seeley, J. R. (1999). Cognitive-behavioral treatment of adolescent depression: efficacy of acute group treatment and booster sessions. Journal of the American Academy of Child & Adolescent Psychiatry, 38(3), 272-279. ";"Clarke_1999_msd_ham-d_post_NA_clinician_cbt_wlc_cbt+parentinggroup_wlc";NA;NA;NA;NA;NA;NA
"16";"Clarke, 1999";"PSY vs CTR";"cbt";"wl";"cbt + parenting group";"wlc";"cbt + parenting group";"wlc";0,241;0,262;"msd";"bdi";"self-report";13,3;10,9;32;16;11,2;27;NA;NA;NA;NA;NA;NA;NA;NA;NA;NA;NA;NA;NA;NA;NA;NA;26,4;8,7;32;24,2;10,8;27;"post";NA;1999;"n";NA;"grp";"grp";"16";"us";"adol";16,2;0,71;"com";"mood";"adol";NA;0;0;"sr";0;1;NA;"Clarke, G. N., Rohde, P., Lewinsohn, P. M., Hops, H., & Seeley, J. R. (1999). Cognitive-behavioral treatment of adolescent depression: efficacy of acute group treatment and booster sessions. Journal of the American Academy of Child & Adolescent Psychiatry, 38(3), 272-279. ";"Clarke_1999_msd_bdi_post_NA_self-report_cbt_wlc_cbt+parentinggroup_wlc";NA;NA;NA;NA;NA;NA
"17";"Clarke, 1999";"PSY vs CTR";"cbt";"wl";"cbt + parenting group";"wlc";"cbt + parenting group";"wlc";-0,42;0,264;"msd";"cbcl-d";"parent_report";11,7;6,7;32;9;5,9;27;NA;NA;NA;NA;NA;NA;NA;NA;NA;NA;NA;NA;NA;NA;NA;NA;16,1;5,5;32;14,9;4,9;27;"post";NA;1999;"n";NA;"grp";"grp";"16";"us";"adol";16,2;0,71;"com";"mood";"adol";NA;0;0;"1";0;1;NA;"Clarke, G. N., Rohde, P., Lewinsohn, P. M., Hops, H., & Seeley, J. R. (1999). Cognitive-behavioral treatment of adolescent depression: efficacy of acute group treatment and booster sessions. Journal of the American Academy of Child & Adolescent Psychiatry, 38(3), 272-279. ";"Clarke_1999_msd_cbcl-d_post_NA_parent_report_cbt_wlc_cbt+parentinggroup_wlc";NA;NA;NA;NA;NA;NA
"18";"Clarke, 2001";"PSY vs CTR";"cbt";"cau";NA;NA;"cbt + cau";"cau";0,46;0,209;"msd";"ces-d";"self-report";17,8;8,7;45;22,5;11,3;49;NA;NA;NA;NA;NA;NA;NA;NA;NA;NA;NA;NA;NA;NA;NA;NA;25,2;8,7;45;23,8;10,3;49;"post";NA;2001;"n";NA;"grp";"grp";"15";"us";"adol";14,6;0,64;"oth";"sub";"oth";NA;1;1;"sr";0;3;NA;"Clarke, G. N., Hornbrook, M., Lynch, F., Polen, M., Gale, J., Beardslee, W., . . . Seeley, J. (2001). A randomized trial of a group cognitive intervention for preventing depression in adolescent offspring of depressed parents. Archives of general psychiatry, 58(12), 1127-1134. ";"Clarke_2001_msd_ces-d_post_NA_self-report_cbt_cau_NA_NA";NA;NA;NA;NA;NA;NA
"19";"Clarke, 2001";"PSY vs CTR";"cbt";"cau";NA;NA;"cbt + cau";"cau";0,301;0,208;"msd";"ham-d";"clinician";1,8;2,1;45;2,9;4,6;49;NA;NA;NA;NA;NA;NA;NA;NA;NA;NA;NA;NA;NA;NA;NA;NA;3,2;3,4;45;3,1;3,2;49;"post";NA;2001;"n";NA;"grp";"grp";"15";"us";"adol";14,6;0,64;"oth";"sub";"oth";NA;1;1;"1";0;3;NA;"Clarke, G. N., Hornbrook, M., Lynch, F., Polen, M., Gale, J., Beardslee, W., . . . Seeley, J. (2001). A randomized trial of a group cognitive intervention for preventing depression in adolescent offspring of depressed parents. Archives of general psychiatry, 58(12), 1127-1134. ";"Clarke_2001_msd_ham-d_post_NA_clinician_cbt_cau_NA_NA";NA;NA;NA;NA;NA;NA
"20";"Clarke, 2001";"PSY vs CTR";"cbt";"cau";NA;NA;"cbt + cau";"cau";-0,304;0,208;"msd";"cbcl-d";"parent_report";7,8;5,5;45;6,4;3,5;49;NA;NA;NA;NA;NA;NA;NA;NA;NA;NA;NA;NA;NA;NA;NA;NA;8,8;5,3;45;6,8;4,1;49;"post";NA;2001;"n";NA;"grp";"grp";"15";"us";"adol";14,6;0,64;"oth";"sub";"oth";NA;1;1;"1";0;3;NA;"Clarke, G. N., Hornbrook, M., Lynch, F., Polen, M., Gale, J., Beardslee, W., . . . Seeley, J. (2001). A randomized trial of a group cognitive intervention for preventing depression in adolescent offspring of depressed parents. Archives of general psychiatry, 58(12), 1127-1134. ";"Clarke_2001_msd_cbcl-d_post_NA_parent_report_cbt_cau_NA_NA";NA;NA;NA;NA;NA;NA
"21";"Clarke, 2002";"PSY vs CTR";"cbt";"cau";NA;NA;"cbt + cau";"cau";0,203;0,214;"msd";"ces-d";"self-report";26,7;12,6;41;29,3;12,8;47;NA;NA;NA;NA;NA;NA;NA;NA;NA;NA;NA;NA;NA;NA;NA;NA;33,5;8,3;41;34,2;9,8;47;"post";NA;2002;"n";NA;"grp";"grp";"16";"us";"adol";15,3;0,69;"oth";"mood";"oth";NA;0;0;"sr";1;2;NA;"Clarke, G. N., Hornbrook, M., Lynch, F., Polen, M., Gale, J., O’CONNOR, E., . . . Debar, L. (2002). Group cognitive-behavioral treatment for depressed adolescent offspring of depressed parents in a health maintenance organization. Journal of the American Academy of Child & Adolescent Psychiatry, 41(3), 305-313. ";"Clarke_2002_msd_ces-d_post_NA_self-report_cbt_cau_NA_NA";NA;NA;NA;NA;NA;NA
"22";"Clarke, 2002";"PSY vs CTR";"cbt";"cau";NA;NA;"cbt + cau";"cau";0,096;0,214;"msd";"ham-d";"clinician";5,5;5,2;41;6;5,1;47;NA;NA;NA;NA;NA;NA;NA;NA;NA;NA;NA;NA;NA;NA;NA;NA;12;5,3;41;11,4;5;47;"post";NA;2002;"n";NA;"grp";"grp";"16";"us";"adol";15,3;0,69;"oth";"mood";"oth";NA;0;0;"1";1;2;NA;"Clarke, G. N., Hornbrook, M., Lynch, F., Polen, M., Gale, J., O’CONNOR, E., . . . Debar, L. (2002). Group cognitive-behavioral treatment for depressed adolescent offspring of depressed parents in a health maintenance organization. Journal of the American Academy of Child & Adolescent Psychiatry, 41(3), 305-313. ";"Clarke_2002_msd_ham-d_post_NA_clinician_cbt_cau_NA_NA";NA;NA;NA;NA;NA;NA
"23";"Clarke, 2002";"PSY vs CTR";"cbt";"cau";NA;NA;"cbt + cau";"cau";-0,237;0,214;"msd";"cbcl-d";"parent_report";10,2;5,8;41;8,9;5,1;47;NA;NA;NA;NA;NA;NA;NA;NA;NA;NA;NA;NA;NA;NA;NA;NA;9,6;5,3;41;9,3;5,7;47;"post";NA;2002;"n";NA;"grp";"grp";"16";"us";"adol";15,3;0,69;"oth";"mood";"oth";NA;0;0;"1";1;2;NA;"Clarke, G. N., Hornbrook, M., Lynch, F., Polen, M., Gale, J., O’CONNOR, E., . . . Debar, L. (2002). Group cognitive-behavioral treatment for depressed adolescent offspring of depressed parents in a health maintenance organization. Journal of the American Academy of Child & Adolescent Psychiatry, 41(3), 305-313. ";"Clarke_2002_msd_cbcl-d_post_NA_parent_report_cbt_cau_NA_NA";NA;NA;NA;NA;NA;NA
"24";"Curry, 2021";"PSY vs CTR";"cbt";"cau";NA;NA;"cbt-d (CBT targeting depression)";"ETAU";-0,501;0,287;"msd";"cdrs-r";"clinician";41,1;11,14;25;35,87;9,32;25;NA;NA;NA;NA;NA;NA;NA;NA;NA;NA;NA;NA;NA;NA;NA;NA;49,84;7,66;25;45,04;6,07;25;"post";NA;2021;"y";"alcohol or cannabis abuse or dependence";"ind";"ind";"4";"us";"adol";17,3;0,33;"com";"mdd";"adol";NA;1;0;"0";0;1;"randomization of non-responders";"Curry, J. F., Kaminer, Y., Goldston, D. B., Chan, G., Wells, K. C., Burke, R. H., ... & Cheek, S. M. (2022). Adaptive treatment for youth with substance use and depression: early depression response and short-term outcomes. Journal of the American Academy of Child & Adolescent Psychiatry, 61(4), 508-519.";"Curry_2021_msd_cdrs-r_post_NA_clinician_cbt_cau_NA_NA";NA;NA;NA;NA;NA;NA
"25";"De Cuyper, 2004";"PSY vs CTR";"cbt";"wl";NA;NA;"cbt";"wlc";0,266;0,452;"msd";"cdi";"self-report";10,11;6,03;9;11,73;5,66;11;NA;NA;NA;NA;NA;NA;NA;NA;NA;NA;NA;NA;NA;NA;NA;NA;12,67;6;9;15,27;4,54;11;"post";NA;2004;"n";NA;"grp";"grp";"16";"eu";"child";10;0,75;"oth";"sub";"child";NA;0;0;"sr";0;1;NA;"De Cuyper, S., Timbremont, B., Braet, C., De Backer, V., & Wullaert, T. (2004). Treating depressive symptoms in schoolchildren. European child & adolescent psychiatry, 13(2), 105-114. ";"DeCuyper_2004_msd_cdi_post_NA_self-report_cbt_wlc_NA_NA";NA;NA;NA;NA;NA;NA
"26";"De Jonge-Heesen, 2020";"PSY vs CTR";"cbt";"other ctr";NA;NA;"cbt";"psychoeducation";0,17;0,176;"msd";"cdi";"self-report";13,32;7,07;66;14,71;9,06;64;NA;NA;NA;NA;NA;NA;NA;NA;NA;NA;NA;NA;NA;NA;NA;NA;16,18;4,92;66;15,68;7,08;64;"post";NA;2020;"n";NA;"grp";"grp";"8";"eu";"adol";13,59;0,64;"oth";"cut";"adol";NA;1;1;"sr";1;4;NA;"De Jonge-Heesen KWJ, Rasing SPA, Vermulst AA, et al. Randomized control trial testing the effectiveness of implemented depression prevention in high-risk adolescents. BMC Medicine. 2020;18(1).";"DeJonge-Heesen_2020_msd_cdi_post_NA_self-report_cbt_otherctr_NA_NA";NA;NA;NA;NA;NA;NA
"27";"De Jonge-Heesen, 2020";"PSY vs CTR";"cbt";"other ctr";NA;NA;"cbt";"psychoeducation";-0,574;0,179;"msd";"cdi";"parent_report";18,66;6;66;15,09;6,36;64;NA;NA;NA;NA;NA;NA;NA;NA;NA;NA;NA;NA;NA;NA;NA;NA;20,14;5,54;66;5,86;2,57;64;"post";NA;2020;"n";NA;"grp";"grp";"8";"eu";"adol";13,59;0,64;"oth";"cut";"adol";NA;1;1;"sr";1;4;NA;"De Jonge-Heesen KWJ, Rasing SPA, Vermulst AA, et al. Randomized control trial testing the effectiveness of implemented depression prevention in high-risk adolescents. BMC Medicine. 2020;18(1).";"DeJonge-Heesen_2020_msd_cdi_post_NA_parent_report_cbt_otherctr_NA_NA";NA;NA;NA;NA;NA;NA
"28";"Diamond, 2002";"PSY vs CTR";"other psy";"wl";NA;NA;"abft (attachment based family therapy)";"wlc";0,652;0,363;"msd";"bdi";"self-report";11,8;8,8;16;18,5;11,1;16;NA;NA;NA;NA;NA;NA;NA;NA;NA;NA;NA;NA;NA;NA;NA;NA;23,8;7,4;16;28;7,1;16;"post";NA;2002;"n";NA;"ind";"ind";"8";"us";"adol";14,9;0,78;"oth";"mdd";"adol";NA;0;0;"sr";0;1;NA;"Diamond, G. S., Reis, B. F., Diamond, G. M., Siqueland, L., & Isaacs, L. (2002). Attachment-based family therapy for depressed adolescents: A treatment development study. Journal of the American Academy of Child & Adolescent Psychiatry, 41(10), 1190-1196. ";"Diamond_2002_msd_bdi_post_NA_self-report_otherpsy_wlc_NA_NA";NA;NA;NA;NA;NA;NA
"29";"Do, 2021";"PSY vs CTR";"cbt";"wl";NA;NA;"ccbt";"wlc";0,876;0,297;"msd";"phq-9";"self-report";5,84;3,74;25;10,44;6,28;25;NA;NA;NA;NA;NA;NA;NA;NA;NA;NA;NA;NA;NA;NA;NA;NA;9,24;4,62;25;11,92;6,87;25;"post";NA;2021;"n";NA;"gsh";"gsh";"10";"eas";"adol";15,7;0,54;"oth";"cut";"adol";NA;1;0;"sr";0;2;NA;"Do, R., et al. (2021). ""Effectiveness and dissemination of computer-based cognitive behavioral therapy for depressed adolescents: Effective and accessible to whom?"" J Affect Disord 282: 885-893.";"Do_2021_msd_phq-9_post_NA_self-report_cbt_wlc_NA_NA";NA;NA;NA;NA;NA;NA
"30";"Do, 2021";"PSY vs CTR";"cbt";"wl";NA;NA;"ccbt";"wlc";0,765;0,293;"msd";"ces-d";"self-report";13,4;8,43;25;22,48;14,21;25;NA;NA;NA;NA;NA;NA;NA;NA;NA;NA;NA;NA;NA;NA;NA;NA;23,12;9,36;25;25,36;15,4;25;"post";NA;2021;"n";NA;"gsh";"gsh";"10";"eas";"adol";15,7;0,54;"oth";"cut";"adol";NA;1;0;"sr";0;2;NA;"Do, R., et al. (2021). ""Effectiveness and dissemination of computer-based cognitive behavioral therapy for depressed adolescents: Effective and accessible to whom?"" J Affect Disord 282: 885-893.";"Do_2021_msd_ces-d_post_NA_self-report_cbt_wlc_NA_NA";NA;NA;NA;NA;NA;NA
"31";"Esposito‐Smythers, 2019";"PSY vs CTR";"cbt";"cau";NA;NA;"cbt";"cau";0,064;0,178;"msd";"cdi";"self-report";13,2;9,3;64;13,8;9,2;62;NA;NA;NA;NA;NA;NA;NA;NA;NA;NA;NA;NA;NA;NA;NA;NA;27;8,7;74;26,3;9,8;73;"post";NA;2019;"y";"at least one of the following co-occurring riskfactors: a SA prior to the index admission, NSSI, or a substanceuse disorder";"oth";"combination of adolescent and parent";"46.9";"us";"adol";14,9;0,76;"clin";"mood";"adol";NA;1;1;"sr";1;4;NA;"Esposito‐Smythers, C., Wolff, J. C., Liu, R. T., Hunt, J. I., Adams, L., Kim, K., . . . Spirito, A. (2019). Family‐focused cognitive behavioral treatment for depressed adolescents in suicidal crisis with co‐occurring risk factors: A randomized trial. Journal of Child Psychology and Psychiatry, 60(10), 1133-1141. doi:10.1111/jcpp.13095";"Esposito‐Smythers_2019_msd_cdi_post_NA_self-report_cbt_cau_NA_NA";NA;NA;NA;NA;NA;NA
"32";"Fristad, 2019";"PSY vs CTR";"cbt";"other ctr";NA;NA;"cbt + placebo";"placebo";0,097;0,334;"msd";"cdrs-r";"clinician";30;9;18;31;11;18;NA;NA;NA;NA;NA;NA;NA;NA;NA;NA;NA;NA;NA;NA;NA;NA;42;9;19;44;13;18;"post";NA;2019;"n";NA;"oth";"ind family + admin";"11.6";"us";"child";16;43,1;"com";"mood";"child";NA;1;1;"1";1;4;NA;"Fristad, M. A., Vesco, A. T., Young, A. S., Healy, K. Z., Nader, E. S., Gardner, W., . . . Arnold, L. E. (2019). Pilot Randomized Controlled Trial of Omega-3 and Individual-Family Psychoeducational Psychotherapy for Children and Adolescents With Depression. Journal of Clinical Child and Adolescent Psychology, 48, S105‐S118. doi:10.1080/15374416.2016.1233500";"Fristad_2019_msd_cdrs-r_post_NA_clinician_cbt_otherctr_NA_NA";NA;NA;NA;NA;NA;NA
"33";"Gillham, 2006";"PSY vs CTR";"cbt";"cau";NA;NA;"cbt";"cau";-0,022;0,136;"msd";"cdi";"self-report";11,55;8,21;112;11,37;7,9;104;NA;NA;NA;NA;NA;NA;NA;NA;NA;NA;NA;NA;NA;NA;NA;NA;13,19;7,81;147;12,57;7,17;124;"post";NA;2006;"n";NA;"grp";"grp";"12";"us";"child";11,5;0,53;"com";"sub";"child";NA;1;0;"0";1;2;NA;"Gillham, J. E., Hamilton, J., Freres, D. R., Patton, K., & Gallop, R. (2006). Preventing depression among early adolescents in the primary care setting: A randomized controlled study of the Penn Resiliency Program. J Abnorm Child Psychol, 34(2), 195-211. ";"Gillham_2006_msd_cdi_post_NA_self-report_cbt_cau_NA_NA";NA;NA;NA;NA;NA;NA
"34";"Idsoe, 2019";"PSY vs CTR";"cbt";"cau";NA;NA;"cbt";"cau";0,236;0,135;"msd";"ces-d";"self-report";26,85;11,82;133;29,55;10,77;95;NA;NA;NA;NA;NA;NA;NA;NA;NA;NA;NA;NA;NA;NA;NA;NA;33,08;9,97;133;32,01;9,75;95;"post";NA;2019;"n";NA;"grp";"grp";"8";"eu";"adol";16,7;0,88;"com";"cut";"adol";NA;0;1;"sr";1;3;NA;"Idsoe, T., Keles, S., Olseth, A. R., & Ogden, T. (2019). Cognitive behavioral treatment for depressed adolescents: Results from a cluster randomized controlled trial of a group course. BMC Psychiatry, 19(1). doi:10.1186/s12888-019-2134-3";"Idsoe_2019_msd_ces-d_post_NA_self-report_cbt_cau_NA_NA";NA;NA;NA;NA;NA;NA
"35";"Israel, 2013";"PSY vs CTR";"other psy";"cau";NA;NA;"abft (attachment based family therapy)";"cau";1,034;0,481;"msd";"ham-d";"clinician";12,5;7,2;11;19,4;5,2;9;NA;NA;NA;NA;NA;NA;NA;NA;NA;NA;NA;NA;NA;NA;NA;NA;20,6;4,6;11;19,7;5,5;9;"post";NA;2013;"n";NA;"ind";"ind";"8.3000000000000007";"eu";"adol";15,6;0,55;"clin";"mdd";"adol";NA;1;1;"1";1;4;NA;"Israel, P., & Diamond, G. S. (2013). Feasibility of attachment based family therapy for depressed clinic-referred Norwegian adolescents. Clinical child psychology and psychiatry, 18(3), 334-350. ";"Israel_2013_msd_ham-d_post_NA_clinician_otherpsy_cau_NA_NA";NA;NA;NA;NA;NA;NA
"36";"Israel, 2013";"PSY vs CTR";"other psy";"cau";NA;NA;"abft (attachment based family therapy)";"cau";0,752;0,466;"msd";"bdi";"self-report";22,8;12;11;31,2;8,8;9;NA;NA;NA;NA;NA;NA;NA;NA;NA;NA;NA;NA;NA;NA;NA;NA;31,9;9,1;11;29,7;11,2;9;"post";NA;2013;"n";NA;"ind";"ind";"8.3000000000000007";"eu";"adol";15,6;0,55;"clin";"mdd";"adol";NA;1;1;"sr";1;4;NA;"Israel, P., & Diamond, G. S. (2013). Feasibility of attachment based family therapy for depressed clinic-referred Norwegian adolescents. Clinical child psychology and psychiatry, 18(3), 334-350. ";"Israel_2013_msd_bdi_post_NA_self-report_otherpsy_cau_NA_NA";NA;NA;NA;NA;NA;NA
"37";"Kahn, 1990";"PSY vs CTR";"cbt";"wl";"cbt";"wlc";"cbt";"wlc";0,4;0,347;"msd";"cdi";"self-report";7,29;66,03;17;26,94;15,41;17;NA;NA;NA;NA;NA;NA;NA;NA;NA;NA;NA;NA;NA;NA;NA;NA;31,11;9,58;17;28,06;9,75;17;"post";NA;1990;"n";NA;"grp";"grp";"12";"us";"child";12,1;0,52;"oth";"mdd";"child";NA;0;0;"0";1;1;NA;"Kahn, J. S., Kehle, T. J., Jenson, W. R., & Clark, E. (1990). Comparison of cognitive-behavioral, relaxation, and self-modeling interventions for depression among middle-school students. School Psychology Review, 19(2), 196-211. ";"Kahn_1990_msd_cdi_post_NA_self-report_cbt_wlc_cbt_wlc";NA;NA;NA;NA;NA;NA
"38";"Kahn, 1990";"PSY vs CTR";"cbt";"wl";"cbt";"wlc";"cbt";"wlc";1,848;0,413;"msd";"rads";"self-report";53,44;14,72;17;80,12;13,44;17;NA;NA;NA;NA;NA;NA;NA;NA;NA;NA;NA;NA;NA;NA;NA;NA;87;8,96;17;85,41;10,98;17;"post";NA;1990;"n";NA;"grp";"grp";"12";"us";"child";12,1;0,52;"oth";"mdd";"child";NA;0;0;"0";1;1;NA;"Kahn, J. S., Kehle, T. J., Jenson, W. R., & Clark, E. (1990). Comparison of cognitive-behavioral, relaxation, and self-modeling interventions for depression among middle-school students. School Psychology Review, 19(2), 196-211. ";"Kahn_1990_msd_rads_post_NA_self-report_cbt_wlc_cbt_wlc";NA;NA;NA;NA;NA;NA
"39";"Kahn, 1990";"PSY vs CTR";"cbt";"wl";"cbt";"wlc";"cbt";"wlc";0,998;0,365;"msd";"bid";"self-report";15,65;10,03;17;29,7;16,66;17;NA;NA;NA;NA;NA;NA;NA;NA;NA;NA;NA;NA;NA;NA;NA;NA;44,65;15,56;17;42,82;13,6;17;"post";NA;1990;"n";NA;"grp";"grp";"12";"us";"child";12,1;0,52;"oth";"mdd";"child";NA;0;0;"0";1;1;NA;"Kahn, J. S., Kehle, T. J., Jenson, W. R., & Clark, E. (1990). Comparison of cognitive-behavioral, relaxation, and self-modeling interventions for depression among middle-school students. School Psychology Review, 19(2), 196-211. ";"Kahn_1990_msd_bid_post_NA_self-report_cbt_wlc_cbt_wlc";NA;NA;NA;NA;NA;NA
"40";"Kahn, 1990";"PSY vs CTR";"other psy";"wl";"other psy (self-modeling)";"wlc";"self-modeling";"wlc";1,08;0,368;"msd";"cdi";"self-report";13,58;7,38;17;26,94;15,41;17;NA;NA;NA;NA;NA;NA;NA;NA;NA;NA;NA;NA;NA;NA;NA;NA;27,18;7,84;17;28,06;9,75;17;"post";NA;1990;"n";NA;"ind";"ind";"12";"us";"child";12,1;0,52;"oth";"mdd";"child";NA;0;0;"0";1;1;NA;"Kahn, J. S., Kehle, T. J., Jenson, W. R., & Clark, E. (1990). Comparison of cognitive-behavioral, relaxation, and self-modeling interventions for depression among middle-school students. School Psychology Review, 19(2), 196-211. ";"Kahn_1990_msd_cdi_post_NA_self-report_otherpsy_wlc_otherpsy(self-modeling)_wlc";NA;NA;NA;NA;NA;NA
"41";"Kahn, 1990";"PSY vs CTR";"other psy";"wl";"other psy (self-modeling)";"wlc";"self-modeling";"wlc";1,379;0,383;"msd";"rads";"self-report";62,12;12;17;80,12;13,44;17;NA;NA;NA;NA;NA;NA;NA;NA;NA;NA;NA;NA;NA;NA;NA;NA;81,65;10,66;17;85,41;10,98;17;"post";NA;1990;"n";NA;"ind";"ind";"12";"us";"child";12,1;0,52;"oth";"mdd";"child";NA;0;0;"0";1;1;NA;"Kahn, J. S., Kehle, T. J., Jenson, W. R., & Clark, E. (1990). Comparison of cognitive-behavioral, relaxation, and self-modeling interventions for depression among middle-school students. School Psychology Review, 19(2), 196-211. ";"Kahn_1990_msd_rads_post_NA_self-report_otherpsy_wlc_otherpsy(self-modeling)_wlc";NA;NA;NA;NA;NA;NA
"42";"Kahn, 1990";"PSY vs CTR";"other psy";"wl";"other psy (self-modeling)";"wlc";"self-modeling";"wlc";0,752;0,355;"msd";"bid";"self-report";17,59;14,73;17;29,7;16,66;17;NA;NA;NA;NA;NA;NA;NA;NA;NA;NA;NA;NA;NA;NA;NA;NA;52,82;18,45;17;42,82;13,6;17;"post";NA;1990;"n";NA;"ind";"ind";"12";"us";"child";12,1;0,52;"oth";"mdd";"child";NA;0;0;"0";1;1;NA;"Kahn, J. S., Kehle, T. J., Jenson, W. R., & Clark, E. (1990). Comparison of cognitive-behavioral, relaxation, and self-modeling interventions for depression among middle-school students. School Psychology Review, 19(2), 196-211. ";"Kahn_1990_msd_bid_post_NA_self-report_otherpsy_wlc_otherpsy(self-modeling)_wlc";NA;NA;NA;NA;NA;NA
"43";"Kahn, 1990";"PSY vs CTR";"cbt";"other ctr";"cbt";"Relaxation";"cbt";"Relaxation";0,115;0,343;"msd";"cdi";"self-report";7,29;66,03;17;12,88;10,71;17;NA;NA;NA;NA;NA;NA;NA;NA;NA;NA;NA;NA;NA;NA;NA;NA;31,11;9,58;17;26,94;10,83;17;"post";NA;1990;"n";NA;"ind";"ind";"12";"us";"child";12,1;0,52;"oth";"mdd";"child";NA;0;0;"0";1;1;NA;"Kahn, J. S., Kehle, T. J., Jenson, W. R., & Clark, E. (1990). Comparison of cognitive-behavioral, relaxation, and self-modeling interventions for depression among middle-school students. School Psychology Review, 19(2), 196-211. ";"Kahn_1990_msd_cdi_post_NA_self-report_cbt_otherctr_cbt_Relaxation";NA;NA;NA;NA;NA;NA
"44";"Kahn, 1990";"PSY vs CTR";"cbt";"other ctr";"cbt";"Relaxation";"cbt";"Relaxation";0,549;0,35;"msd";"rads";"self-report";53,44;14,72;17;61,76;14,86;17;NA;NA;NA;NA;NA;NA;NA;NA;NA;NA;NA;NA;NA;NA;NA;NA;87;8,96;17;83,44;8,03;17;"post";NA;1990;"n";NA;"ind";"ind";"12";"us";"child";12,1;0,52;"oth";"mdd";"child";NA;0;0;"0";1;1;NA;"Kahn, J. S., Kehle, T. J., Jenson, W. R., & Clark, E. (1990). Comparison of cognitive-behavioral, relaxation, and self-modeling interventions for depression among middle-school students. School Psychology Review, 19(2), 196-211. ";"Kahn_1990_msd_rads_post_NA_self-report_cbt_otherctr_cbt_Relaxation";NA;NA;NA;NA;NA;NA
"45";"Kahn, 1990";"PSY vs CTR";"cbt";"other ctr";"cbt";"Relaxation";"cbt";"Relaxation";0,214;0,344;"msd";"bid";"self-report";15,65;10,03;17;19,18;20,42;17;NA;NA;NA;NA;NA;NA;NA;NA;NA;NA;NA;NA;NA;NA;NA;NA;44,65;15,56;17;38,06;15,26;17;"post";NA;1990;"n";NA;"ind";"ind";"12";"us";"child";12,1;0,52;"oth";"mdd";"child";NA;0;0;"0";1;1;NA;"Kahn, J. S., Kehle, T. J., Jenson, W. R., & Clark, E. (1990). Comparison of cognitive-behavioral, relaxation, and self-modeling interventions for depression among middle-school students. School Psychology Review, 19(2), 196-211. ";"Kahn_1990_msd_bid_post_NA_self-report_cbt_otherctr_cbt_Relaxation";NA;NA;NA;NA;NA;NA
"46";"Kitchen, 2021";"PSY vs CTR";"bat";"cau";NA;NA;"bat";"cau";0,731;0,537;"msd";"mfq";"self-report";23,43;9,59;7;30,5;8,67;8;NA;NA;NA;NA;NA;NA;NA;NA;NA;NA;NA;NA;NA;NA;NA;NA;33,91;11,8;11;35,55;11,09;11;"post";NA;2021;"n";NA;"ind";"ind";"5.7";"uk";"adol";15,66;0,82;"oth";"mdd";"adol";NA;1;1;"sr";0;3;NA;"Kitchen, C. E. W., et al. (2021). ""Innovations in Practice: A randomised controlled feasibility trial of Behavioural Activation as a treatment for young people with depression."" Child Adolesc Ment Health 26(3): 290-295.";"Kitchen_2021_msd_mfq_post_NA_self-report_bat_cau_NA_NA";NA;NA;NA;NA;NA;NA
"47";"Kitchen, 2021";"PSY vs CTR";"bat";"cau";NA;NA;"bat";"cau";-0,198;0,519;"msd";"mfq";"parent_report";29,33;8,62;7;26,6;15,79;8;NA;NA;NA;NA;NA;NA;NA;NA;NA;NA;NA;NA;NA;NA;NA;NA;29,83;7,36;11;29;8,58;11;"post";NA;2021;"n";NA;"ind";"ind";"5.7";"uk";"adol";15,66;0,82;"oth";"mdd";"adol";NA;1;1;"sr";0;3;NA;"Kitchen, C. E. W., et al. (2021). ""Innovations in Practice: A randomised controlled feasibility trial of Behavioural Activation as a treatment for young people with depression."" Child Adolesc Ment Health 26(3): 290-295.";"Kitchen_2021_msd_mfq_post_NA_parent_report_bat_cau_NA_NA";NA;NA;NA;NA;NA;NA
"48";"Lewinsohn, 1990";"PSY vs CTR";"cbt";"wl";"cbt (adolescents)";"wlc";"cwb adolescents only";"wlc";1,16;0,343;"msd";"ces-d";"self-report";7,19;4,88;21;12,89;4,74;19;NA;NA;NA;NA;NA;NA;NA;NA;NA;NA;NA;NA;NA;NA;NA;NA;13,29;5,21;21;14,89;4,3;19;"post";NA;1990;"n";NA;"grp";"grp";"14";"us";"adol";16,2;0,61;"com";"mood";"adol";NA;0;0;"sr";0;1;NA;"Lewinsohn, P. M., Clarke, G. N., Hops, H., & Andrews, J. (1990). Cognitive-behavioral treatment for depressed adolescents. Behavior Therapy, 21(4), 385-401. ";"Lewinsohn_1990_msd_ces-d_post_NA_self-report_cbt_wlc_cbt(adolescents)_wlc";NA;NA;NA;NA;NA;NA
"49";"Lewinsohn, 1990";"PSY vs CTR";"cbt";"wl";"cbt (adolescents)";"wlc";"cwb adolescents only";"wlc";0,919;0,334;"msd";"bdi";"self-report";10;11,91;21;20,47;10,28;19;NA;NA;NA;NA;NA;NA;NA;NA;NA;NA;NA;NA;NA;NA;NA;NA;21,67;11,34;21;23,84;11,43;19;"post";NA;1990;"n";NA;"grp";"grp";"14";"us";"adol";16,2;0,61;"com";"mood";"adol";NA;0;0;"sr";0;1;NA;"Lewinsohn, P. M., Clarke, G. N., Hops, H., & Andrews, J. (1990). Cognitive-behavioral treatment for depressed adolescents. Behavior Therapy, 21(4), 385-401. ";"Lewinsohn_1990_msd_bdi_post_NA_self-report_cbt_wlc_cbt(adolescents)_wlc";NA;NA;NA;NA;NA;NA
"50";"Lewinsohn, 1990";"PSY vs CTR";"cbt";"wl";"cbt (adolescents)";"wlc";"cwb adolescents only";"wlc";-0,129;0,317;"msd";"cbcl-d";"parent_report";8,95;5,42;21;8,31;4,2;19;NA;NA;NA;NA;NA;NA;NA;NA;NA;NA;NA;NA;NA;NA;NA;NA;13,67;4,03;21;12,84;5,5;19;"post";NA;1990;"n";NA;"grp";"grp";"14";"us";"adol";16,2;0,61;"com";"mood";"adol";NA;0;0;"sr";0;1;NA;"Lewinsohn, P. M., Clarke, G. N., Hops, H., & Andrews, J. (1990). Cognitive-behavioral treatment for depressed adolescents. Behavior Therapy, 21(4), 385-401. ";"Lewinsohn_1990_msd_cbcl-d_post_NA_parent_report_cbt_wlc_cbt(adolescents)_wlc";NA;NA;NA;NA;NA;NA
"51";"Lewinsohn, 1990";"PSY vs CTR";"cbt";"wl";"cbt (adolescents + parents)";"wlc";"cwb adolescents + parents";"wlc";1,483;0,368;"msd";"ces-d";"self-report";5,68;4,78;19;12,89;4,74;19;NA;NA;NA;NA;NA;NA;NA;NA;NA;NA;NA;NA;NA;NA;NA;NA;12,84;6,65;19;14,89;4,3;19;"post";NA;1990;"n";NA;"grp";"grp";"14";"us";"adol";16,2;0,65;"com";"mood";"adol";NA;0;0;"sr";0;1;NA;"Lewinsohn, P. M., Clarke, G. N., Hops, H., & Andrews, J. (1990). Cognitive-behavioral treatment for depressed adolescents. Behavior Therapy, 21(4), 385-401. ";"Lewinsohn_1990_msd_ces-d_post_NA_self-report_cbt_wlc_cbt(adolescents+parents)_wlc";NA;NA;NA;NA;NA;NA
"52";"Lewinsohn, 1990";"PSY vs CTR";"cbt";"wl";"cbt (adolescents + parents)";"wlc";"cwb adolescents + parents";"wlc";1,451;0,366;"msd";"bdi";"self-report";6,47;8,53;19;20,47;10,28;19;NA;NA;NA;NA;NA;NA;NA;NA;NA;NA;NA;NA;NA;NA;NA;NA;21,26;11,35;19;23,84;11,43;19;"post";NA;1990;"n";NA;"grp";"grp";"14";"us";"adol";16,2;0,65;"com";"mood";"adol";NA;0;0;"sr";0;1;NA;"Lewinsohn, P. M., Clarke, G. N., Hops, H., & Andrews, J. (1990). Cognitive-behavioral treatment for depressed adolescents. Behavior Therapy, 21(4), 385-401. ";"Lewinsohn_1990_msd_bdi_post_NA_self-report_cbt_wlc_cbt(adolescents+parents)_wlc";NA;NA;NA;NA;NA;NA
"53";"Lewinsohn, 1990";"PSY vs CTR";"cbt";"wl";"cbt (adolescents + parents)";"wlc";"cwb adolescents + parents";"wlc";1,324;0,36;"msd";"cbcl-d";"parent_report";3,52;2,73;19;8,31;4,2;19;NA;NA;NA;NA;NA;NA;NA;NA;NA;NA;NA;NA;NA;NA;NA;NA;13,05;4,93;19;12,84;5,5;19;"post";NA;1990;"n";NA;"grp";"grp";"14";"us";"adol";16,2;0,65;"com";"mood";"adol";NA;0;0;"sr";0;1;NA;"Lewinsohn, P. M., Clarke, G. N., Hops, H., & Andrews, J. (1990). Cognitive-behavioral treatment for depressed adolescents. Behavior Therapy, 21(4), 385-401. ";"Lewinsohn_1990_msd_cbcl-d_post_NA_parent_report_cbt_wlc_cbt(adolescents+parents)_wlc";NA;NA;NA;NA;NA;NA
"54";"Liddle, 1990";"PSY vs CTR";"cbt";"wl";NA;NA;"cbt";"wlc";0,348;0,44;"msd";"cdi";"self-report";14,45;6,74;11;16,9;6,79;10;NA;NA;NA;NA;NA;NA;NA;NA;NA;NA;NA;NA;NA;NA;NA;NA;21;4,45;11;20,7;3,34;10;"post";NA;1990;"n";NA;"grp";"grp";"8";"au";"child";9,2;0,32;"oth";"cut";"child";NA;0;0;"sr";1;2;NA;"Liddle, B., & Spence, S. H. (1990). Cognitive—Behaviour Therapy with Depressed Primary School Children: A Cautionary Note. Behavioural and Cognitive Psychotherapy, 18(2), 85-102. ";"Liddle_1990_msd_cdi_post_NA_self-report_cbt_wlc_NA_NA";NA;NA;NA;NA;NA;NA
"55";"Liddle, 1990";"PSY vs CTR";"cbt";"other ctr";"cbt";"other ctr";"cbt (social competence training)";"attention placebo (drama)";0,682;0,45;"msd";"cdi";"self-report";14,45;6,74;11;19,3;6,93;10;NA;NA;NA;NA;NA;NA;NA;NA;NA;NA;NA;NA;NA;NA;NA;NA;21;4,45;11;22,3;4,24;10;"post";NA;1990;"n";NA;"grp";"grp";"8";"au";"child";9,2;0,32;"oth";"cut";"child";NA;0;0;"sr";1;2;NA;"Liddle, B., & Spence, S. H. (1990). Cognitive—Behaviour Therapy with Depressed Primary School Children: A Cautionary Note. Behavioural and Cognitive Psychotherapy, 18(2), 85-102. ";"Liddle_1990_msd_cdi_post_NA_self-report_cbt_otherctr_cbt_otherctr";NA;NA;NA;NA;NA;NA
"56";"Listug-Lunde, 2013";"PSY vs CTR";"cbt";"cau";NA;NA;"cwd";"cau";-0,108;0,5;"msd";"cdi";"self-report";14,38;9,93;8;13,25;9,87;8;NA;NA;NA;NA;NA;NA;NA;NA;NA;NA;NA;NA;NA;NA;NA;NA;21;5,29;8;20,37;4,1;8;"post";NA;2013;"n";NA;"grp";"grp";"13";"us";"child";12,44;0,38;"oth";"cut";"child";NA;0;0;"sr";0;1;NA;"Listug-Lunde, L., Vogeltanz-Holm, N., & Collins, J. (2013). A cognitive-behavioral treatment for depression in rural American Indian middle school students. American Indian and Alaska Native Mental Health Research: The Journal of the National Center, 20(1), 16-34. ";"Listug-Lunde_2013_msd_cdi_post_NA_self-report_cbt_cau_NA_NA";NA;NA;NA;NA;NA;NA
"57";"Luby, 2012";"PSY vs CTR";"other psy";"other ctr";NA;NA;"PCIT-ED intervention (Parent-Child Interaction Therapy Emotion Development)";"psychoeducation";0,321;0,311;"msd";"PFC–S";"parent_report";30,1;11,3;25;33,7;10,6;18;NA;NA;NA;NA;NA;NA;NA;NA;NA;NA;NA;NA;NA;NA;NA;NA;42,8;5,8;25;39,8;10,3;18;"post";NA;2012;"n";NA;"ind";"ind";"14";"us";"child";4,349;0,37;"com";"mdd";"child";NA;1;0;"1";1;3;NA;"Luby, J., Lenze, S., & Tillman, R. (2012). A novel early intervention for preschool depression: Findings from a pilot randomized controlled trial. Journal of Child Psychology and Psychiatry, 53(3), 313-322. ";"Luby_2012_msd_PFC–S_post_NA_parent_report_otherpsy_otherctr_NA_NA";NA;NA;NA;NA;NA;NA
"58";"Luby, 2012";"PSY vs CTR";"other psy";"other ctr";NA;NA;"PCIT-ED intervention (Parent-Child Interaction Therapy Emotion Development)";"psychoeducation";-0,023;0,309;"msd";"PAPA";"parent_report";7,6;4;25;7,5;4,7;18;NA;NA;NA;NA;NA;NA;NA;NA;NA;NA;NA;NA;NA;NA;NA;NA;11,3;4,2;25;9;4,7;18;"post";NA;2012;"n";NA;"ind";"ind";"14";"us";"child";4,349;0,37;"com";"mdd";"child";NA;1;0;"1";1;3;NA;"Luby, J., Lenze, S., & Tillman, R. (2012). A novel early intervention for preschool depression: Findings from a pilot randomized controlled trial. Journal of Child Psychology and Psychiatry, 53(3), 313-322. ";"Luby_2012_msd_PAPA_post_NA_parent_report_otherpsy_otherctr_NA_NA";NA;NA;NA;NA;NA;NA
"59";"Makover, 2019";"PSY vs CTR";"other psy";"cau";NA;NA;"The High School Transition Program (HSTP)";"cau";0,153;0,106;"dich";"smfq";"self-report";NA;NA;NA;NA;NA;NA;NA;NA;NA;NA;NA;NA;"cutoff of 8 on the SMFQ (Scoring above clinical cut-off)";74;94;233;247;NA;NA;NA;NA;NA;NA;NA;NA;NA;NA;NA;"post";NA;2019;"n";NA;"oth";"child group and parent individual and group sessions";"12";"us";"adol";13,5;0,61;"com";"cut";"adol";NA;1;1;"sr";0;3;NA;"Makover, H., Adrian, M., Wilks, C., Read, K., Stoep, A. V., & McCauley, E. (2019). Indicated prevention for depression at the transition to high school: Outcomes for depression and anxiety. Prevention Science, 20, 499-509.";"Makover_2019_dich_smfq_post_NA_self-report_otherpsy_cau_NA_NA";-0,180879806003557;0,125743321478082;74;94;233;247
"60";"March, 2004";"PSY vs CTR";"cbt";"other ctr";"cbt";"other ctr";"cbt";"placebo";-0,034;0,134;"msd";"cdrs-r";"clinician";42,06;9,18;111;41,77;7,99;112;NA;NA;NA;NA;NA;NA;NA;NA;NA;NA;NA;NA;NA;NA;NA;NA;59,64;4,52;111;61,18;4,27;112;"post";NA;2004;"n";NA;"ind";"ind";"11";"us";"adol";14,6;0,54;"com";"mdd";"adol";NA;1;1;"1";1;4;NA;"March, J., Silva, S., Petrycki, S., Curry, J., Wells, K., Fairbank, J., . . . Vitiello, B. (2004). Fluoxetine, cognitive-behavioral therapy, and their combination for adolescents with depression: Treatment for Adolescents With Depression Study (TADS) randomized controlled trial. Jama, 292(7), 807-820. ";"March_2004_msd_cdrs-r_post_NA_clinician_cbt_otherctr_cbt_otherctr";NA;NA;NA;NA;NA;NA
"61";"March, 2004";"PSY vs CTR";"cbt";"other ctr";"cbt";"other ctr";"cbt";"placebo";-0,099;0,134;"msd";"rads";"self-report";67,96;14,18;111;66,68;11,41;112;NA;NA;NA;NA;NA;NA;NA;NA;NA;NA;NA;NA;NA;NA;NA;NA;78,69;10,59;111;81,26;9,22;112;"post";NA;2004;"n";NA;"ind";"ind";"11";"us";"adol";14,6;0,54;"com";"mdd";"adol";NA;1;1;"sr";1;4;NA;"March, J., Silva, S., Petrycki, S., Curry, J., Wells, K., Fairbank, J., . . . Vitiello, B. (2004). Fluoxetine, cognitive-behavioral therapy, and their combination for adolescents with depression: Treatment for Adolescents With Depression Study (TADS) randomized controlled trial. Jama, 292(7), 807-820. ";"March_2004_msd_rads_post_NA_self-report_cbt_otherctr_cbt_otherctr";NA;NA;NA;NA;NA;NA
"62";"Martinović, 2006";"PSY vs CTR";"cbt";"cau";NA;NA;"cbt";"cau";1,456;0,413;"msd";"ham-d";"clinician";3,3;1,29;15;5,8;1,98;15;NA;NA;NA;NA;NA;NA;NA;NA;NA;NA;NA;NA;NA;NA;NA;NA;5,9;0,8;16;5,7;0,7;16;"post";NA;2006;"n";NA;"grp";"grp";"6";"eu";"adol";17,4;0,68;"clin";"sub";"med";"epilepsy";1;0;"1";1;3;NA;"Martinović, Ž., Simonović, P., & Djokić, R. (2006). Preventing depression in adolescents with epilepsy. Epilepsy & behavior, 9(4), 619-624. ";"Martinović_2006_msd_ham-d_post_NA_clinician_cbt_cau_NA_NA";NA;NA;NA;NA;NA;NA
"63";"Martinović, 2006";"PSY vs CTR";"cbt";"cau";NA;NA;"cbt";"cau";0,828;0,381;"msd";"bdi";"self-report";5,4;2,97;15;7,8;2,66;15;NA;NA;NA;NA;NA;NA;NA;NA;NA;NA;NA;NA;NA;NA;NA;NA;8,2;0,94;16;8,1;0,96;16;"post";NA;2006;"n";NA;"grp";"grp";"6";"eu";"adol";17,4;0,68;"clin";"sub";"med";"epilepsy";1;0;"sr";1;3;NA;"Martinović, Ž., Simonović, P., & Djokić, R. (2006). Preventing depression in adolescents with epilepsy. Epilepsy & behavior, 9(4), 619-624. ";"Martinović_2006_msd_bdi_post_NA_self-report_cbt_cau_NA_NA";NA;NA;NA;NA;NA;NA
"64";"Martinović, 2006";"PSY vs CTR";"cbt";"cau";NA;NA;"cbt";"cau";0,835;0,382;"msd";"ces-d";"self-report";9,8;4,2;15;13,6;4,64;15;NA;NA;NA;NA;NA;NA;NA;NA;NA;NA;NA;NA;NA;NA;NA;NA;14,1;4,52;16;13,9;4,51;16;"post";NA;2006;"n";NA;"grp";"grp";"6";"eu";"adol";17,4;0,68;"clin";"sub";"med";"epilepsy";1;0;"sr";1;3;NA;"Martinović, Ž., Simonović, P., & Djokić, R. (2006). Preventing depression in adolescents with epilepsy. Epilepsy & behavior, 9(4), 619-624. ";"Martinović_2006_msd_ces-d_post_NA_self-report_cbt_cau_NA_NA";NA;NA;NA;NA;NA;NA
"65";"Moeini, 2019";"PSY vs CTR";"cbt";"cau";NA;NA;"DAD (Dorehye Amozeshie Dokhtaran)";NA;0,194;0,177;"msd";"ces-d";"self-report";18,5;14;64;21,4;15,6;64;NA;NA;NA;NA;NA;NA;NA;NA;NA;NA;NA;NA;NA;NA;NA;NA;24,6;11,7;64;22,3;11,8;64;"post";NA;2019;"n";NA;"gsh";"gsh";"8";"other";"adol";16,7;1;"com";"cut";"adol";NA;0;0;"sr";1;2;NA;"Moeini, B., Bashirian, S., Soltanian, A. R., Ghaleiha, A., & Taheri, M. (2019). Examining the effectiveness of a web-based intervention for depressive symptoms in female adolescents: applying social cognitive theory. Journal of research in health sciences, 19(3), e00454.";"Moeini_2019_msd_ces-d_post_NA_self-report_cbt_cau_NA_NA";NA;NA;NA;NA;NA;NA
"66";"Mufson, 1999";"PSY vs CTR";"ipt";"other ctr";NA;NA;"ipt";"clinical monitoring";0,65;0,296;"msd";"ham-d";"clinician";6,3;7,7;24;11,8;8,9;24;NA;NA;NA;NA;NA;NA;NA;NA;NA;NA;NA;NA;NA;NA;NA;NA;19,2;7,5;24;18,7;8,6;24;"post";NA;1999;"n";NA;"ind";"ind";"9.8000000000000007";"us";"adol";15,8;0,73;"clin";"mdd";"adol";NA;1;0;"1";1;3;NA;"Mufson, L., Weissman, M. M., Moreau, D., & Garfinkel, R. (1999). Efficacy of interpersonal psychotherapy for depressed adolescents. Archives of general psychiatry, 56(6), 573-579. ";"Mufson_1999_msd_ham-d_post_NA_clinician_ipt_otherctr_NA_NA";NA;NA;NA;NA;NA;NA
"67";"Mufson, 1999";"PSY vs CTR";"ipt";"other ctr";NA;NA;"ipt";"clinical monitoring";0,65;0,296;"msd";"bdi";"self-report";5,9;8,1;24;12,9;12,6;24;NA;NA;NA;NA;NA;NA;NA;NA;NA;NA;NA;NA;NA;NA;NA;NA;18,8;8,5;24;22,8;10,6;24;"post";NA;1999;"n";NA;"ind";"ind";"9.8000000000000007";"us";"adol";15,8;0,73;"clin";"mdd";"adol";NA;1;0;"sr";1;3;NA;"Mufson, L., Weissman, M. M., Moreau, D., & Garfinkel, R. (1999). Efficacy of interpersonal psychotherapy for depressed adolescents. Archives of general psychiatry, 56(6), 573-579. ";"Mufson_1999_msd_bdi_post_NA_self-report_ipt_otherctr_NA_NA";NA;NA;NA;NA;NA;NA
"68";"Mufson, 2004";"PSY vs CTR";"ipt";"cau";NA;NA;"ipt";"cau";0,495;0,257;"msd";"ham-d";"clinician";8,7;8;34;12,8;8,4;29;NA;NA;NA;NA;NA;NA;NA;NA;NA;NA;NA;NA;NA;NA;NA;NA;18,9;5,9;34;18,3;5;29;"post";NA;2004;"n";NA;"ind";"ind";"10.5";"us";"adol";15,1;0,84;"clin";"mood";"adol";NA;1;0;"1";1;3;NA;"Mufson, L., Dorta, K. P., Wickramaratne, P., Nomura, Y., Olfson, M., & Weissman, M. M. (2004). A randomized effectiveness trial of interpersonal psychotherapy fordepressed adolescents. Archives of general psychiatry, 61(6), 577-584. ";"Mufson_2004_msd_ham-d_post_NA_clinician_ipt_cau_NA_NA";NA;NA;NA;NA;NA;NA
"69";"Mufson, 2004";"PSY vs CTR";"ipt";"cau";NA;NA;"ipt";"cau";0,37;0,255;"msd";"bdi";"self-report";8,4;11;34;12,3;9,7;29;NA;NA;NA;NA;NA;NA;NA;NA;NA;NA;NA;NA;NA;NA;NA;NA;20,8;8,7;34;21,8;8,5;29;"post";NA;2004;"n";NA;"ind";"ind";"10.5";"us";"adol";15,1;0,84;"clin";"mood";"adol";NA;1;0;"sr";1;3;NA;"Mufson, L., Dorta, K. P., Wickramaratne, P., Nomura, Y., Olfson, M., & Weissman, M. M. (2004). A randomized effectiveness trial of interpersonal psychotherapy fordepressed adolescents. Archives of general psychiatry, 61(6), 577-584. ";"Mufson_2004_msd_bdi_post_NA_self-report_ipt_cau_NA_NA";NA;NA;NA;NA;NA;NA
"70";"Reynolds, 1986";"PSY vs CTR";"cbt";"wl";"cbt";"wlc";"cbt";"wlc";1,396;0,579;"msd";"bdi";"self-report";6,36;3,15;6;18,31;9,82;10;NA;NA;NA;NA;NA;NA;NA;NA;NA;NA;NA;NA;NA;NA;NA;NA;21,11;7,75;9;16,9;5,48;10;"post";NA;1986;"n";NA;"grp";"grp";"8.16";"us";"adol";15,7;0,63;"oth";"cut";"adol";NA;0;0;"0";0;0;NA;"Reynolds, W. M., & Coats, K. I. (1986). A comparison of cognitive-behavioral therapy and relaxation training for the treatment of depression in adolescents. Journal of Consulting and Clinical Psychology, 54(5), 653. ";"Reynolds_1986_msd_bdi_post_NA_self-report_cbt_wlc_cbt_wlc";NA;NA;NA;NA;NA;NA
"71";"Reynolds, 1986";"PSY vs CTR";"cbt";"wl";"cbt";"wlc";"cbt";"wlc";2,161;0,656;"msd";"bid";"self-report";16;17,83;6;52,36;14,73;10;NA;NA;NA;NA;NA;NA;NA;NA;NA;NA;NA;NA;NA;NA;NA;NA;50,33;19,6;9;36,9;12,17;10;"post";NA;1986;"n";NA;"grp";"grp";"8.16";"us";"adol";15,7;0,63;"oth";"cut";"adol";NA;0;0;"0";0;0;NA;"Reynolds, W. M., & Coats, K. I. (1986). A comparison of cognitive-behavioral therapy and relaxation training for the treatment of depression in adolescents. Journal of Consulting and Clinical Psychology, 54(5), 653. ";"Reynolds_1986_msd_bid_post_NA_self-report_cbt_wlc_cbt_wlc";NA;NA;NA;NA;NA;NA
"72";"Reynolds, 1986";"PSY vs CTR";"cbt";"wl";"cbt";"wlc";"cbt";"wlc";1,164;0,56;"msd";"rads";"self-report";66,74;7,47;6;81,12;13,46;10;NA;NA;NA;NA;NA;NA;NA;NA;NA;NA;NA;NA;NA;NA;NA;NA;85,67;8,4;9;80,7;3,58;10;"post";NA;1986;"n";NA;"grp";"grp";"8.16";"us";"adol";15,7;0,63;"oth";"cut";"adol";NA;0;0;"0";0;0;NA;"Reynolds, W. M., & Coats, K. I. (1986). A comparison of cognitive-behavioral therapy and relaxation training for the treatment of depression in adolescents. Journal of Consulting and Clinical Psychology, 54(5), 653. ";"Reynolds_1986_msd_rads_post_NA_self-report_cbt_wlc_cbt_wlc";NA;NA;NA;NA;NA;NA
"73";"Reynolds, 1986";"PSY vs CTR";"cbt";"other ctr";"cbt";"Relaxation training";"cbt";"Relaxation training";-0,151;0,541;"msd";"bdi";"self-report";6,36;3,15;6;5,77;4;8;NA;NA;NA;NA;NA;NA;NA;NA;NA;NA;NA;NA;NA;NA;NA;NA;21,11;7,75;9;17,09;6,36;11;"post";NA;1986;"n";NA;"grp";"grp";"8.16";"us";"adol";15,7;0,63;"oth";"cut";"adol";NA;0;0;"0";0;0;NA;"Reynolds, W. M., & Coats, K. I. (1986). A comparison of cognitive-behavioral therapy and relaxation training for the treatment of depression in adolescents. Journal of Consulting and Clinical Psychology, 54(5), 653. ";"Reynolds_1986_msd_bdi_post_NA_self-report_cbt_otherctr_cbt_Relaxationtraining";NA;NA;NA;NA;NA;NA
"74";"Reynolds, 1986";"PSY vs CTR";"cbt";"other ctr";"cbt";"Relaxation training";"cbt";"Relaxation training";0,22;0,542;"msd";"bid";"self-report";16;17,83;6;19,45;11,97;8;NA;NA;NA;NA;NA;NA;NA;NA;NA;NA;NA;NA;NA;NA;NA;NA;50,33;19,6;9;46,27;20,42;11;"post";NA;1986;"n";NA;"grp";"grp";"8.16";"us";"adol";15,7;0,63;"oth";"cut";"adol";NA;0;0;"0";0;0;NA;"Reynolds, W. M., & Coats, K. I. (1986). A comparison of cognitive-behavioral therapy and relaxation training for the treatment of depression in adolescents. Journal of Consulting and Clinical Psychology, 54(5), 653. ";"Reynolds_1986_msd_bid_post_NA_self-report_cbt_otherctr_cbt_Relaxationtraining";NA;NA;NA;NA;NA;NA
"75";"Reynolds, 1986";"PSY vs CTR";"cbt";"other ctr";"cbt";"Relaxation training";"cbt";"Relaxation training";-0,101;0,54;"msd";"rads";"self-report";66,74;7,47;6;65,8;9,52;8;NA;NA;NA;NA;NA;NA;NA;NA;NA;NA;NA;NA;NA;NA;NA;NA;85,67;8,4;9;80,09;6,99;11;"post";NA;1986;"n";NA;"grp";"grp";"8.16";"us";"adol";15,7;0,63;"oth";"cut";"adol";NA;0;0;"0";0;0;NA;"Reynolds, W. M., & Coats, K. I. (1986). A comparison of cognitive-behavioral therapy and relaxation training for the treatment of depression in adolescents. Journal of Consulting and Clinical Psychology, 54(5), 653. ";"Reynolds_1986_msd_rads_post_NA_self-report_cbt_otherctr_cbt_Relaxationtraining";NA;NA;NA;NA;NA;NA
"76";"Rohde, 2004";"PSY vs CTR";"cbt";"other ctr";NA;NA;"cbt";"life skills/tutoring";0,173;0,21;"msd";"bdi";"self-report";9,6;10,7;44;11,5;11,1;47;NA;NA;NA;NA;NA;NA;NA;NA;NA;NA;NA;NA;NA;NA;NA;NA;16,6;12,8;45;9,6;10,7;48;"post";NA;2004;"y";"conduct disorder";"grp";"grp";"16";"us";"adol";15,1;0,48;"oth";"mdd";"adol";NA;1;0;"sr";1;3;NA;"Rohde, P., Clarke, G. N., Mace, D. E., Jorgensen, J. S., & Seeley, J. R. (2004). An efficacy/effectiveness study of cognitive-behavioral treatment for adolescents with comorbid major depression and conduct disorder. Journal of the American Academy of Child & Adolescent Psychiatry, 43(6), 660-668. ";"Rohde_2004_msd_bdi_post_NA_self-report_cbt_otherctr_NA_NA";NA;NA;NA;NA;NA;NA
"77";"Rohde, 2004";"PSY vs CTR";"cbt";"other ctr";NA;NA;"cbt";"life skills/tutoring";0,39;0,212;"msd";"ham-d";"clinician";6;6,3;44;8,3;5,4;47;NA;NA;NA;NA;NA;NA;NA;NA;NA;NA;NA;NA;NA;NA;NA;NA;14,2;5,2;45;6;6,3;48;"post";NA;2004;"y";"conduct disorder";"grp";"grp";"16";"us";"adol";15,1;0,48;"oth";"mdd";"adol";NA;1;0;"1";1;3;NA;"Rohde, P., Clarke, G. N., Mace, D. E., Jorgensen, J. S., & Seeley, J. R. (2004). An efficacy/effectiveness study of cognitive-behavioral treatment for adolescents with comorbid major depression and conduct disorder. Journal of the American Academy of Child & Adolescent Psychiatry, 43(6), 660-668. ";"Rohde_2004_msd_ham-d_post_NA_clinician_cbt_otherctr_NA_NA";NA;NA;NA;NA;NA;NA
"78";"Rosselló, 1999";"PSY vs CTR";"cbt";"wl";"cbt";"wlc";"cbt";"wlc";0,344;0,324;"msd";"cdi";"self-report";13,28;7,61;21;15,83;6,83;18;NA;NA;NA;NA;NA;NA;NA;NA;NA;NA;NA;NA;NA;NA;NA;NA;20,12;6,95;25;20,13;5,99;23;"post";NA;1999;"n";NA;"oth";"oth";"12";"us";"adol";14,7;0,54;"oth";"mood";"adol";NA;0;0;"sr";1;2;NA;"Rosselló, J., & Bernal, G. (1999). The efficacy of cognitive-behavioral and interpersonal treatments for depression in Puerto Rican adolescents. Journal of Consulting and Clinical Psychology, 67(5), 734. ";"Rosselló_1999_msd_cdi_post_NA_self-report_cbt_wlc_cbt_wlc";NA;NA;NA;NA;NA;NA
"79";"Rosselló, 1999";"PSY vs CTR";"ipt";"wl";"ipt";"wlc";"ipt";"wlc";0,74;0,34;"msd";"cdi";"self-report";10,79;6,51;19;15,83;6,83;18;NA;NA;NA;NA;NA;NA;NA;NA;NA;NA;NA;NA;NA;NA;NA;NA;21,21;7,53;23;20,13;5,99;23;"post";NA;1999;"n";NA;"oth";"oth";"12";"us";"adol";14,7;0,54;"oth";"mood";"adol";NA;0;0;"sr";1;2;NA;"Rosselló, J., & Bernal, G. (1999). The efficacy of cognitive-behavioral and interpersonal treatments for depression in Puerto Rican adolescents. Journal of Consulting and Clinical Psychology, 67(5), 734. ";"Rosselló_1999_msd_cdi_post_NA_self-report_ipt_wlc_ipt_wlc";NA;NA;NA;NA;NA;NA
"80";"Sanford, 2006";"PSY vs CTR";"other psy";"cau";NA;NA;"Family Psychoeducation (FPE) + cau";"cau";0,23;0,35;"other stat";"rads";"self-report";NA;NA;16;NA;NA;15;NA;NA;NA;NA;NA;NA;NA;NA;NA;NA;NA;-0,23;0,35;NA;NA;"Control= -2.6; Experimental = -5.7 (p = 0.052; p Values are for comparisons between experimental and control (i.e.. how different the differences in parameter estimates are from zero)";NA;NA;16;NA;NA;15;"post";NA;2006;"n";NA;"oth";"sessions conducted in the home. involving all family members living in the home who agree to participate";"12";"can";"adol";15,9;0,65;"clin";"MDD";"adol";NA;1;1;"sr";1;4;NA;"Sanford, M., Boyle, M., McCleary, L., Miller, J., Steele, M., Duku, E., & Offord, D. (2006). A pilot study of adjunctive family psychoeducation in adolescent major depression: feasibility and treatment effect. Journal of the American Academy of Child & Adolescent Psychiatry, 45(4), 386-395. ";"Sanford_2006_otherstat_rads_post_NA_self-report_otherpsy_cau_NA_NA";NA;NA;NA;NA;NA;NA
"81";"Santomauro, 2016";"PSY vs CTR";"cbt";"wl";NA;NA;"cbt";"wlc";0,623;0,459;"msd";"dass";"self-report";17,2;8,95;10;23,93;11,58;10;NA;NA;NA;NA;NA;NA;NA;NA;NA;NA;NA;NA;NA;NA;NA;NA;24,2;8,97;11;21,6;11,03;12;"post";NA;2016;"y";"ASD";"grp";"grp";"11";"au";"adol";15,7;0,4;"com";"cut";"adol";NA;1;0;"sr";1;3;NA;"Santomauro, D., Sheffield, J., & Sofronoff, K. (2016). Depression in adolescents with ASD: A pilot RCT of a group intervention. Journal of autism and developmental disorders, 46(2), 572-588. ";"Santomauro_2016_msd_dass_post_NA_self-report_cbt_wlc_NA_NA";NA;NA;NA;NA;NA;NA
"82";"Schniering, 2022";"PSY vs CTR";"cbt";"wl";NA;NA;"The Internet based Chilled Plus Program (CP)";"wl";0,542;0,214;"msd";"smfq";"self-report";8,59;11,2;45;14,51;10,44;46;NA;NA;NA;NA;NA;NA;NA;NA;NA;NA;NA;NA;NA;NA;NA;NA;14,4;6,1;45;14,57;6,08;46;"post";NA;2022;"y";"anxiety";"gsh";"Program consisted of eight
online modules, each supported by a 30-minute therapist telephone
consultation with the adolescent. Parents participated in a brief portion
of the consultation with the therapist alongside the adolescent following
modules one, three, six, and eight.";"8";"au";"adol";14,29;0,66;"clin";"mood";"adol";NA;1;1;"1";1;4;NA;"Schniering, C. A., Einstein, D., Kirkman, J. J., & Rapee, R. M. (2022). Online treatment of adolescents with comorbid anxiety and depression: A randomized controlled trial. Journal of Affective Disorders.";"Schniering_2022_msd_smfq_post_NA_self-report_cbt_wl_NA_NA";NA;NA;NA;NA;NA;NA
"83";"Schniering, 2022";"PSY vs CTR";"cbt";"wl";NA;NA;"The Internet based Chilled Plus Program (CP)";"wl";0,318;0,211;"msd";"smfq";"parent_report";6,92;6,47;45;9,1;7,12;46;NA;NA;NA;NA;NA;NA;NA;NA;NA;NA;NA;NA;NA;NA;NA;NA;12,82;4,93;45;12,1;4,99;46;"post";NA;2022;"y";"anxiety";"gsh";"Program consisted of eight
online modules, each supported by a 30-minute therapist telephone
consultation with the adolescent. Parents participated in a brief portion
of the consultation with the therapist alongside the adolescent following
modules one, three, six, and eight.";"8";"au";"adol";14,29;0,66;"clin";"mood";"adol";NA;1;1;"1";1;4;NA;"Schniering, C. A., Einstein, D., Kirkman, J. J., & Rapee, R. M. (2022). Online treatment of adolescents with comorbid anxiety and depression: A randomized controlled trial. Journal of Affective Disorders.";"Schniering_2022_msd_smfq_post_NA_parent_report_cbt_wl_NA_NA";NA;NA;NA;NA;NA;NA
"84";"Shomaker, 2016";"PSY vs CTR";"cbt";"other ctr";NA;NA;"cbt";"psychoeducation";0,162;0,184;"change";"ces-d";"self-report";NA;NA;NA;NA;NA;NA;"-11,9";"-10,7";"7,81";"6,85";61;58;NA;NA;NA;NA;NA;NA;NA;NA;NA;NA;NA;NA;NA;NA;NA;NA;"post";NA;2016;"n";NA;"grp";"grp";"6";"us";"adol";15;1;"com";"sub";"med";"type 2 diabetes";1;0;"sr";1;3;NA;"Shomaker, L., Kelly, N., Radin, R., Cassidy, O., Shank, L., Brady, S., . . . Yanovski, J. (2016). Prevention of insulin resistance in adolescents at risk for type 2 diabetes with depressive symptoms: 1-year follow-up of a randomized trial [Article In Press]. Depress Anxiety, (no pagination). doi:10.1002/da.22617. (Accession No. CN-01366195)";"Shomaker_2016_change_ces-d_post_NA_self-report_cbt_otherctr_NA_NA";NA;NA;NA;NA;NA;NA
"85";"Srivastava, 2020";"PSY vs CTR";"cbt";"cau";NA;NA;"cCBT";"cau";1,19;0,502;"msd";"bdi";"self-report";10,5;1,4;10;15,7;5,9;9;NA;NA;NA;NA;NA;NA;NA;NA;NA;NA;NA;NA;NA;NA;NA;NA;26,4;3,4;11;24,3;3,8;10;"post";NA;2020;"n";NA;"oth";"ush+f-t-f cbt (add-on)";"12";"oth";"adol";16,05;0,24;"clin";"mdd";"adol";NA;1;0;"sr";1;3;NA;"Srivastava P, Mehta M, Sagar R, Ambekar A. Smartteen- a computer assisted cognitive behavior therapy for Indian adolescents with depression- a pilot study. Asian J Psychiatr. 2020;50:101970.";"Srivastava_2020_msd_bdi_post_NA_self-report_cbt_cau_NA_NA";NA;NA;NA;NA;NA;NA
"86";"Srivastava, 2020";"PSY vs CTR";"cbt";"cau";NA;NA;"cCBT";"cau";1,053;0,493;"msd";"cdrs-r";"self-report";33,7;11,2;10;45,3;9,7;9;NA;NA;NA;NA;NA;NA;NA;NA;NA;NA;NA;NA;NA;NA;NA;NA;67,8;3,1;11;66,9;3,4;10;"post";NA;2020;"n";NA;"oth";"ush+f-t-f cbt (add-on)";"12";"oth";"adol";16,05;0,24;"clin";"mdd";"adol";NA;1;0;"sr";1;3;NA;"Srivastava P, Mehta M, Sagar R, Ambekar A. Smartteen- a computer assisted cognitive behavior therapy for Indian adolescents with depression- a pilot study. Asian J Psychiatr. 2020;50:101970.";"Srivastava_2020_msd_cdrs-r_post_NA_self-report_cbt_cau_NA_NA";NA;NA;NA;NA;NA;NA
"87";"Stallard, 2012";"PSY vs CTR";"cbt";"other ctr";"cbt";"other ctr";"cbt";"attention control";0,045;0,081;"msd";"smfq";"self-report";8,22;6,45;296;8,5;5,88;308;NA;NA;NA;NA;NA;NA;NA;NA;NA;NA;NA;NA;NA;NA;NA;NA;10,64;4,91;392;10,6;4,67;374;"post";NA;2012;"n";NA;"oth";"oth";"11";"uk";"adol";14,3;0,65;"oth";"cut";"adol";NA;1;1;"sr";1;4;NA;"Stallard, P., Sayal, K., Phillips, R., Taylor, J. A., Spears, M., Anderson, R., . . . Montgomery, A. A. (2012). Classroom based cognitive behavioural therapy in reducing symptoms of depression in high risk adolescents: pragmatic cluster randomised controlled trial. Bmj, 345, e6058. ";"Stallard_2012_msd_smfq_post_NA_self-report_cbt_otherctr_cbt_otherctr";NA;NA;NA;NA;NA;NA
"88";"Stallard, 2012";"PSY vs CTR";"cbt";"cau";"cbt";"cau";"cbt";"cau";-0,23;0,087;"msd";"smfq";"self-report";8,22;6,45;296;6,81;5,7;242;NA;NA;NA;NA;NA;NA;NA;NA;NA;NA;NA;NA;NA;NA;NA;NA;10,64;4,91;392;10,56;4,93;298;"post";NA;2012;"n";NA;"oth";"oth";"11";"uk";"adol";14,3;0,65;"oth";"cut";"adol";NA;1;1;"sr";1;4;NA;"Stallard, P., Sayal, K., Phillips, R., Taylor, J. A., Spears, M., Anderson, R., . . . Montgomery, A. A. (2012). Classroom based cognitive behavioural therapy in reducing symptoms of depression in high risk adolescents: pragmatic cluster randomised controlled trial. Bmj, 345, e6058. ";"Stallard_2012_msd_smfq_post_NA_self-report_cbt_cau_cbt_cau";NA;NA;NA;NA;NA;NA
"89";"Stark, 1987";"PSY vs CTR";"pst";"wl";"pst";"wlc";"pst";"wlc";1,003;0,49;"msd";"cdi";"self-report";9,04;8,32;10;18,6;9,91;9;NA;NA;NA;NA;NA;NA;NA;NA;NA;NA;NA;NA;NA;NA;NA;NA;22,4;8,47;10;20,11;9,88;9;"post";NA;1987;"n";NA;"grp";"grp";"12";"us";"child";11,17;0,43;"oth";"cut";"child";NA;0;0;"sr";0;1;NA;"Stark, K. D., Reynolds, W. M., & Kaslow, N. J. (1987). A comparison of the relative efficacy of self-control therapy and a behavioral problem-solving therapy for depression in children. J Abnorm Child Psychol, 15(1), 91-113. ";"Stark_1987_msd_cdi_post_NA_self-report_pst_wlc_pst_wlc";NA;NA;NA;NA;NA;NA
"90";"Stark, 1987";"PSY vs CTR";"pst";"wl";"pst";"wlc";"pst";"wlc";0,395;0,464;"msd";"CDS";"self-report";55,1;12,18;10;61,09;16,73;9;NA;NA;NA;NA;NA;NA;NA;NA;NA;NA;NA;NA;NA;NA;NA;NA;71,1;10,38;10;67,56;17,8;9;"post";NA;1987;"n";NA;"grp";"grp";"12";"us";"child";11,17;0,43;"oth";"cut";"child";NA;0;0;"sr";0;1;NA;"Stark, K. D., Reynolds, W. M., & Kaslow, N. J. (1987). A comparison of the relative efficacy of self-control therapy and a behavioral problem-solving therapy for depression in children. J Abnorm Child Psychol, 15(1), 91-113. ";"Stark_1987_msd_CDS_post_NA_self-report_pst_wlc_pst_wlc";NA;NA;NA;NA;NA;NA
"91";"Stark, 1987";"PSY vs CTR";"pst";"wl";"pst";"wlc";"pst";"wlc";0,624;0,472;"msd";"cdrs-r";"clinician";24,16;6,01;10;28,15;6,21;9;NA;NA;NA;NA;NA;NA;NA;NA;NA;NA;NA;NA;NA;NA;NA;NA;33,5;10,27;10;30,33;6,28;9;"post";NA;1987;"n";NA;"grp";"grp";"12";"us";"child";11,17;0,43;"oth";"cut";"child";NA;0;0;"1";0;1;NA;"Stark, K. D., Reynolds, W. M., & Kaslow, N. J. (1987). A comparison of the relative efficacy of self-control therapy and a behavioral problem-solving therapy for depression in children. J Abnorm Child Psychol, 15(1), 91-113. ";"Stark_1987_msd_cdrs-r_post_NA_clinician_pst_wlc_pst_wlc";NA;NA;NA;NA;NA;NA
"92";"Stark, 1987";"PSY vs CTR";"pst";"wl";"pst";"wlc";"pst";"wlc";0,381;0,464;"msd";"cbcl-d";"parent_report";63,41;10,01;10;67,62;11,15;9;NA;NA;NA;NA;NA;NA;NA;NA;NA;NA;NA;NA;NA;NA;NA;NA;72,33;9,98;10;64;11,28;9;"post";NA;1987;"n";NA;"grp";"grp";"12";"us";"child";11,17;0,43;"oth";"cut";"child";NA;0;0;"1";0;1;NA;"Stark, K. D., Reynolds, W. M., & Kaslow, N. J. (1987). A comparison of the relative efficacy of self-control therapy and a behavioral problem-solving therapy for depression in children. J Abnorm Child Psychol, 15(1), 91-113. ";"Stark_1987_msd_cbcl-d_post_NA_parent_report_pst_wlc_pst_wlc";NA;NA;NA;NA;NA;NA
"93";"Stark, 1987";"PSY vs CTR";"other psy";"wl";"other psy";"wlc";"self control";"wlc";1,192;0,515;"msd";"cdi";"self-report";8,04;6,65;9;18,6;9,91;9;NA;NA;NA;NA;NA;NA;NA;NA;NA;NA;NA;NA;NA;NA;NA;NA;21,6;5,48;9;20,11;9,88;9;"post";NA;1987;"n";NA;"grp";"grp";"12";"us";"child";11,17;0,43;"oth";"cut";"child";NA;0;0;"sr";0;1;NA;"Stark, K. D., Reynolds, W. M., & Kaslow, N. J. (1987). A comparison of the relative efficacy of self-control therapy and a behavioral problem-solving therapy for depression in children. J Abnorm Child Psychol, 15(1), 91-113. ";"Stark_1987_msd_cdi_post_NA_self-report_otherpsy_wlc_otherpsy_wlc";NA;NA;NA;NA;NA;NA
"94";"Stark, 1987";"PSY vs CTR";"other psy";"wl";"other psy";"wlc";"self control";"wlc";0,782;0,491;"msd";"CDS";"self-report";50,14;8,68;9;61,09;16,73;9;NA;NA;NA;NA;NA;NA;NA;NA;NA;NA;NA;NA;NA;NA;NA;NA;72,4;10,31;9;67,56;17,8;9;"post";NA;1987;"n";NA;"grp";"grp";"12";"us";"child";11,17;0,43;"oth";"cut";"child";NA;0;0;"sr";0;1;NA;"Stark, K. D., Reynolds, W. M., & Kaslow, N. J. (1987). A comparison of the relative efficacy of self-control therapy and a behavioral problem-solving therapy for depression in children. J Abnorm Child Psychol, 15(1), 91-113. ";"Stark_1987_msd_CDS_post_NA_self-report_otherpsy_wlc_otherpsy_wlc";NA;NA;NA;NA;NA;NA
"95";"Stark, 1987";"PSY vs CTR";"other psy";"wl";"other psy";"wlc";"self control";"wlc";0,93;0,499;"msd";"cdrs-r";"clinician";22,91;4,36;9;28,15;6,21;9;NA;NA;NA;NA;NA;NA;NA;NA;NA;NA;NA;NA;NA;NA;NA;NA;37,22;8,36;9;30,33;6,28;9;"post";NA;1987;"n";NA;"grp";"grp";"12";"us";"child";11,17;0,43;"oth";"cut";"child";NA;0;0;"1";0;1;NA;"Stark, K. D., Reynolds, W. M., & Kaslow, N. J. (1987). A comparison of the relative efficacy of self-control therapy and a behavioral problem-solving therapy for depression in children. J Abnorm Child Psychol, 15(1), 91-113. ";"Stark_1987_msd_cdrs-r_post_NA_clinician_otherpsy_wlc_otherpsy_wlc";NA;NA;NA;NA;NA;NA
"96";"Stark, 1987";"PSY vs CTR";"other psy";"wl";"other psy";"wlc";"self control";"wlc";0,065;0,472;"msd";"cbcl-d";"parent_report";66,91;9,73;9;67,62;11,15;9;NA;NA;NA;NA;NA;NA;NA;NA;NA;NA;NA;NA;NA;NA;NA;NA;69,44;6,77;9;64;11,28;9;"post";NA;1987;"n";NA;"grp";"grp";"12";"us";"child";11,17;0,43;"oth";"cut";"child";NA;0;0;"1";0;1;NA;"Stark, K. D., Reynolds, W. M., & Kaslow, N. J. (1987). A comparison of the relative efficacy of self-control therapy and a behavioral problem-solving therapy for depression in children. J Abnorm Child Psychol, 15(1), 91-113. ";"Stark_1987_msd_cbcl-d_post_NA_parent_report_otherpsy_wlc_otherpsy_wlc";NA;NA;NA;NA;NA;NA
"97";"Stice, 2008";"PSY vs CTR";"cbt";"cau";"cbt";"cau";"cbt";"assessment only";0,63;0,156;"msd";"bdi";"self-report";10,77;9,04;89;16,71;9,74;84;NA;NA;NA;NA;NA;NA;NA;NA;NA;NA;NA;NA;NA;NA;NA;NA;20,03;10,35;89;19,6;9,23;84;"post";NA;2008;"n";NA;"grp";"grp";"4";"us";"adol";15,6;0,56;"com";"sub";"adol";NA;1;1;"sr";1;4;NA;"Stice, E., Rohde, P., Seeley, J. R., & Gau, J. M. (2008). Brief cognitive-behavioral depression prevention program for high-risk adolescents outperforms two alternative interventions: a randomized efficacy trial. Journal of Consulting and Clinical Psychology, 76(4), 595. ";"Stice_2008_msd_bdi_post_NA_self-report_cbt_cau_cbt_cau";NA;NA;NA;NA;NA;NA
"98";"Stice, 2008";"PSY vs CTR";"cbt";"cau";"cbt";"cau";"cbt";"assessment only";0,491;0,154;"msd";"K-SADS";"clinician";1,53;0,33;89;1,7;0,36;84;NA;NA;NA;NA;NA;NA;NA;NA;NA;NA;NA;NA;NA;NA;NA;NA;1,87;0,35;89;1,8;0,3;84;"post";NA;2008;"n";NA;"grp";"grp";"4";"us";"adol";15,6;0,56;"com";"sub";"adol";NA;1;1;"1";1;4;NA;"Stice, E., Rohde, P., Seeley, J. R., & Gau, J. M. (2008). Brief cognitive-behavioral depression prevention program for high-risk adolescents outperforms two alternative interventions: a randomized efficacy trial. Journal of Consulting and Clinical Psychology, 76(4), 595. ";"Stice_2008_msd_K-SADS_post_NA_clinician_cbt_cau_cbt_cau";NA;NA;NA;NA;NA;NA
"99";"Stice, 2008";"PSY vs CTR";"cbt";"cau";"cbt (bibliotherapy)";"cau";"cbt based bibliotherapy";"assessment only";0,261;0,157;"msd";"bdi";"self-report";14,25;8,98;80;16,71;9,74;84;NA;NA;NA;NA;NA;NA;NA;NA;NA;NA;NA;NA;NA;NA;NA;NA;18,2;7,53;80;19,6;9,23;84;"post";NA;2008;"n";NA;"grp";"grp";"4";"us";"adol";15,6;0,56;"com";"sub";"adol";NA;1;1;"sr";1;4;NA;"Stice, E., Rohde, P., Seeley, J. R., & Gau, J. M. (2008). Brief cognitive-behavioral depression prevention program for high-risk adolescents outperforms two alternative interventions: a randomized efficacy trial. Journal of Consulting and Clinical Psychology, 76(4), 595. ";"Stice_2008_msd_bdi_post_NA_self-report_cbt_cau_cbt(bibliotherapy)_cau";NA;NA;NA;NA;NA;NA
"100";"Stice, 2008";"PSY vs CTR";"cbt";"cau";"cbt (bibliotherapy)";"cau";"cbt based bibliotherapy";"assessment only";0,28;0,157;"msd";"K-SADS";"clinician";1,6;0,35;80;1,7;0,36;84;NA;NA;NA;NA;NA;NA;NA;NA;NA;NA;NA;NA;NA;NA;NA;NA;1,68;0,31;80;1,8;0,3;84;"post";NA;2008;"n";NA;"grp";"grp";"4";"us";"adol";15,6;0,56;"com";"sub";"adol";NA;1;1;"1";1;4;NA;"Stice, E., Rohde, P., Seeley, J. R., & Gau, J. M. (2008). Brief cognitive-behavioral depression prevention program for high-risk adolescents outperforms two alternative interventions: a randomized efficacy trial. Journal of Consulting and Clinical Psychology, 76(4), 595. ";"Stice_2008_msd_K-SADS_post_NA_clinician_cbt_cau_cbt(bibliotherapy)_cau";NA;NA;NA;NA;NA;NA
"101";"Stice, 2008";"PSY vs CTR";"sup";"cau";"sup";"cau";"sup";"assessment only";0,199;0,153;"msd";"bdi";"self-report";14,67;10,62;88;16,71;9,74;84;NA;NA;NA;NA;NA;NA;NA;NA;NA;NA;NA;NA;NA;NA;NA;NA;20,27;9,83;88;19,6;9,23;84;"post";NA;2008;"n";NA;"grp";"grp";"4";"us";"adol";15,6;0,56;"com";"sub";"adol";NA;1;1;"sr";1;4;NA;"Stice, E., Rohde, P., Seeley, J. R., & Gau, J. M. (2008). Brief cognitive-behavioral depression prevention program for high-risk adolescents outperforms two alternative interventions: a randomized efficacy trial. Journal of Consulting and Clinical Psychology, 76(4), 595. ";"Stice_2008_msd_bdi_post_NA_self-report_sup_cau_sup_cau";NA;NA;NA;NA;NA;NA
"102";"Stice, 2008";"PSY vs CTR";"sup";"cau";"sup";"cau";"sup";"assessment only";0,231;0,153;"msd";"K-SADS";"clinician";1,62;0,33;88;1,7;0,36;84;NA;NA;NA;NA;NA;NA;NA;NA;NA;NA;NA;NA;NA;NA;NA;NA;1,84;0,37;88;1,8;0,3;84;"post";NA;2008;"n";NA;"grp";"grp";"4";"us";"adol";15,6;0,56;"com";"sub";"adol";NA;1;1;"1";1;4;NA;"Stice, E., Rohde, P., Seeley, J. R., & Gau, J. M. (2008). Brief cognitive-behavioral depression prevention program for high-risk adolescents outperforms two alternative interventions: a randomized efficacy trial. Journal of Consulting and Clinical Psychology, 76(4), 595. ";"Stice_2008_msd_K-SADS_post_NA_clinician_sup_cau_sup_cau";NA;NA;NA;NA;NA;NA
"103";"Stikkelbroek, 2020";"PSY vs CTR";"cbt";"cau";NA;NA;"cbt";"cau";-0,15;0,236;"dich";"K-SADS";"clinician";NA;NA;NA;NA;NA;NA;NA;NA;NA;NA;NA;NA;"remission";19;22;44;44;NA;NA;NA;NA;NA;NA;NA;NA;NA;NA;NA;"post";NA;2020;"n";NA;"ind";"ind";"12.7";"eu";"adol";16,6;0,82;"clin";"mdd";"adol";NA;1;1;"1";1;4;NA;"Stikkelbroek, Y., Vink, G., Nauta, M. H., Bottelier, M. A., Vet, L. J., Lont, C. M., ... & Bodden, D. H. (2020). Effectiveness and moderators of individual cognitive behavioral therapy versus treatment as usual in clinically depressed adolescents: a randomized controlled trial. Scientific reports, 10(1), 1-13.";"Stikkelbroek_2020_dich_K-SADS_post_NA_clinician_cbt_cau_NA_NA";-0,146603474191875;0,229415733870562;19;22;44;44
"104";"Szigethy, 2007";"PSY vs CTR";"cbt";"cau";NA;NA;"cbt";"cau";0,613;0,324;"msd";"cdi";"self-report";10,7;8;21;16,7;11,1;19;NA;NA;NA;NA;NA;NA;NA;NA;NA;NA;NA;NA;NA;NA;NA;NA;25,7;10,8;22;21,8;8,1;19;"post";NA;2007;"n";NA;"ind";"ind";"10";"us";"adol";15;0,51;"oth";"sub";"med";"inflammatory bowel disease";0;0;"sr";1;2;NA;"Szigethy, E., Kenney, E., Carpenter, J., Hardy, D. M., Fairclough, D., Bousvaros, A., . . . Noll, R. (2007). Cognitive-behavioral therapy for adolescents with inflammatory bowel disease and subsyndromal depression. Journal of the American Academy of Child & Adolescent Psychiatry, 46(10), 1290-1298. ";"Szigethy_2007_msd_cdi_post_NA_self-report_cbt_cau_NA_NA";NA;NA;NA;NA;NA;NA
"105";"Szigethy, 2007";"PSY vs CTR";"cbt";"cau";NA;NA;"cbt";"cau";0,76;0,328;"msd";"K-SADS";"clinician";1;1,2;21;2,4;2,3;19;NA;NA;NA;NA;NA;NA;NA;NA;NA;NA;NA;NA;NA;NA;NA;NA;2,3;1,8;22;2,3;1,2;19;"post";NA;2007;"n";NA;"ind";"ind";"10";"us";"adol";15;0,51;"oth";"sub";"med";"inflammatory bowel disease";0;0;"1";1;2;NA;"Szigethy, E., Kenney, E., Carpenter, J., Hardy, D. M., Fairclough, D., Bousvaros, A., . . . Noll, R. (2007). Cognitive-behavioral therapy for adolescents with inflammatory bowel disease and subsyndromal depression. Journal of the American Academy of Child & Adolescent Psychiatry, 46(10), 1290-1298. ";"Szigethy_2007_msd_K-SADS_post_NA_clinician_cbt_cau_NA_NA";NA;NA;NA;NA;NA;NA
"106";"Topooco, 2019";"PSY vs CTR";"cbt";"other ctr";NA;NA;"icbt";"minimal attention control ";0,803;0,257;"msd";"bdi";"self-report";16;11,3;31;24,8;10,4;35;NA;NA;NA;NA;NA;NA;NA;NA;NA;NA;NA;NA;NA;NA;NA;NA;31,6;10;35;28,8;7,9;35;"post";NA;2019;"n";NA;"oth";"gsh+ind";"8";"eu";"adol";17,5;0,96;"com";"cut";"adol";NA;1;1;"sr";1;4;NA;"Topooco, N., Byléhn, S., Dahlström Nysäter, E., Holmlund, J., Lindegaard, J., Johansson, S., . . . Andersson, G. (2019). Evaluating the Efficacy of Internet-Delivered Cognitive Behavioral Therapy Blended With Synchronous Chat Sessions to Treat Adolescent Depression: Randomized Controlled Trial. Journal of medical Internet research, 21(11), e13393. doi:10.2196/13393";"Topooco_2019_msd_bdi_post_NA_self-report_cbt_otherctr_NA_NA";NA;NA;NA;NA;NA;NA
"107";"Vostanis, 1996";"PSY vs CTR";"cbt";"other ctr";NA;NA;"cbt";"non-focused intervention";0,068;0,265;"msd";"mfq";"self-report";17,6;5,2;29;18,4;15,8;28;NA;NA;NA;NA;NA;NA;NA;NA;NA;NA;NA;NA;NA;NA;NA;NA;33,4;12,2;29;28,6;14,4;28;"post";NA;1996;"n";NA;"ind";"ind";"9";"uk";"child";12,7;0,56;"clin";"mdd";"child";NA;0;0;"sr";0;1;NA;"Vostanis, P., Feehan, C., Grattan, E., & Bickerton, W.-L. (1996). Treatment for children and adolescents with depression: Lessons from a controlled trial. Clinical child psychology and psychiatry, 1(2), 199-212. ";"Vostanis_1996_msd_mfq_post_NA_self-report_cbt_otherctr_NA_NA";NA;NA;NA;NA;NA;NA
"108";"Vostanis, 1996";"PSY vs CTR";"cbt";"other ctr";NA;NA;"cbt";"non-focused intervention";0,509;0,269;"msd";"mfq";"parent_report";13,4;9,2;29;19,4;13,7;28;NA;NA;NA;NA;NA;NA;NA;NA;NA;NA;NA;NA;NA;NA;NA;NA;30;12;29;32,5;15,1;28;"post";NA;1996;"n";NA;"ind";"ind";"9";"uk";"child";12,7;0,56;"clin";"mdd";"child";NA;0;0;"1";0;1;NA;"Vostanis, P., Feehan, C., Grattan, E., & Bickerton, W.-L. (1996). Treatment for children and adolescents with depression: Lessons from a controlled trial. Clinical child psychology and psychiatry, 1(2), 199-212. ";"Vostanis_1996_msd_mfq_post_NA_parent_report_cbt_otherctr_NA_NA";NA;NA;NA;NA;NA;NA
"109";"Weisz, 1997";"PSY vs CTR";"cbt";"cau";NA;NA;"cbt";"nt";0,158;0,307;"msd";"cdrs-r";"clinician";33,19;10,86;16;34,94;10,93;32;NA;NA;NA;NA;NA;NA;NA;NA;NA;NA;NA;NA;NA;NA;NA;NA;45,25;16,01;16;38,38;11,15;32;"post";NA;1997;"n";NA;"grp";"grp";"8";"us";"child";9,6;0,46;"oth";"cut";"child";NA;0;0;"1";0;1;NA;"Weisz, J. R., Thurber, C. A., Sweeney, L., Proffitt, V. D., & LeGagnoux, G. L. (1997). Brief treatment of mild-to-moderate child depression using primary and secondary control enhancement training. Journal of Consulting and Clinical Psychology, 65(4), 703. ";"Weisz_1997_msd_cdrs-r_post_NA_clinician_cbt_cau_NA_NA";NA;NA;NA;NA;NA;NA
"110";"Weisz, 1997";"PSY vs CTR";"cbt";"cau";NA;NA;"cbt";"nt";0,524;0,311;"msd";"cdi";"self-report";7,06;6,12;16;11,81;10;32;NA;NA;NA;NA;NA;NA;NA;NA;NA;NA;NA;NA;NA;NA;NA;NA;18,63;5,32;16;17,81;10,05;32;"post";NA;1997;"n";NA;"grp";"grp";"8";"us";"child";9,6;0,46;"oth";"cut";"child";NA;0;0;"sr";0;1;NA;"Weisz, J. R., Thurber, C. A., Sweeney, L., Proffitt, V. D., & LeGagnoux, G. L. (1997). Brief treatment of mild-to-moderate child depression using primary and secondary control enhancement training. Journal of Consulting and Clinical Psychology, 65(4), 703. ";"Weisz_1997_msd_cdi_post_NA_self-report_cbt_cau_NA_NA";NA;NA;NA;NA;NA;NA
"111";"Weisz, 2009";"PSY vs CTR";"cbt";"cau";NA;NA;"cbt";"cau";0,063;0,304;"msd";"cdi";"self-report";8;6,32;25;8,47;8,44;19;NA;NA;NA;NA;NA;NA;NA;NA;NA;NA;NA;NA;NA;NA;NA;NA;10,88;7,91;32;11,29;7,93;25;"post";NA;2009;"n";NA;"ind";"ind";"15";"us";"child";11,77;0,56;"clin";"mood";"child";NA;0;0;"sr";1;2;NA;"Weisz, J. R., Southam-Gerow, M. A., Gordis, E. B., Connor-Smith, J. K., Chu, B. C., Langer, D. A., . . . Weiss, B. (2009). Cognitive–behavioral therapy versus usual clinical care for youth depression: An initial test of transportability to community clinics and clinicians. Journal of Consulting and Clinical Psychology, 77(3), 383. ";"Weisz_2009_msd_cdi_post_NA_self-report_cbt_cau_NA_NA";NA;NA;NA;NA;NA;NA
"112";"Weisz, 2009";"PSY vs CTR";"cbt";"cau";NA;NA;"cbt";"cau";0,36;0,308;"msd";"disc-c MDD symptom count";"clinician";5,13;3,67;23;6,65;4,64;20;NA;NA;NA;NA;NA;NA;NA;NA;NA;NA;NA;NA;NA;NA;NA;NA;10,44;5,27;32;11,33;4,63;24;"post";NA;2009;"n";NA;"ind";"ind";"15";"us";"child";11,77;0,56;"clin";"mood";"child";NA;0;0;"1";1;2;NA;"Weisz, J. R., Southam-Gerow, M. A., Gordis, E. B., Connor-Smith, J. K., Chu, B. C., Langer, D. A., . . . Weiss, B. (2009). Cognitive–behavioral therapy versus usual clinical care for youth depression: An initial test of transportability to community clinics and clinicians. Journal of Consulting and Clinical Psychology, 77(3), 383. ";"Weisz_2009_msd_disc-cMDDsymptomcount_post_NA_clinician_cbt_cau_NA_NA";NA;NA;NA;NA;NA;NA
"113";"Young, 2006";"PSY vs CTR";"ipt";"other ctr";NA;NA;"ipt";"school counseling";1,494;0,37;"msd";"ces-d";"self-report";6,4;4,8;27;17,4;10,5;14;NA;NA;NA;NA;NA;NA;NA;NA;NA;NA;NA;NA;NA;NA;NA;NA;24,1;6,9;27;27,4;6,6;14;"post";NA;2005;"n";NA;"oth";"oth";"8,9";"us";"adol";13,4;0,85;"oth";"cut";"adol";NA;1;0;"sr";1;3;NA;"Young, J. F., Mufson, L., & Davies, M. (2006). Efficacy of interpersonal psychotherapy‐adolescent skills training: An indicated preventive intervention for depression. Journal of Child Psychology and Psychiatry, 47(12), 1254-1262. ";"Young_2006_msd_ces-d_post_NA_self-report_ipt_otherctr_NA_NA";NA;NA;NA;NA;NA;NA
"114";"Young, 2010";"PSY vs CTR";"ipt";"cau";NA;NA;"Interpersonal Psychotherapy-Adolescent Skills Training (IPT-AST)";"school counseling";0,797;0,2848;"other stat";"ces-d";"self-report";NA;NA;36;NA;NA;21;NA;NA;NA;NA;NA;NA;NA;NA;NA;NA;NA;-0,797;0,2848;NA;NA;"CES-D (F(1,52) = 8,66; p < ,001; ES = 0,81)";NA;NA;NA;NA;NA;NA;"post";NA;2010;"n";NA;"oth";"first two ind. after grp.";"7,16";"us";"adol";14,54;0,59;"com";"cut";"adol";NA;1;0;"sr";0;2;NA;"Young, J. F., Mufson, L., & Gallop, R. (2010). Preventing depression: A randomized trial of interpersonal psychotherapy‐adolescent skills training. Depress Anxiety, 27(5), 426-433. ";"Young_2010_otherstat_ces-d_post_NA_self-report_ipt_cau_NA_NA";NA;NA;NA;NA;NA;NA
"115";"Young, 2010";"PSY vs CTR";"ipt";"cau";NA;NA;"Interpersonal Psychotherapy-Adolescent Skills Training (IPT-AST)";"school counseling";0,8043;0,285;"other stat";"cdrs-r";"clinician";NA;NA;36;NA;NA;21;NA;NA;NA;NA;NA;NA;NA;NA;NA;NA;NA;-0,8043;0,285;NA;NA;"CDRS-R (F(1, 52) = 8,82; p < 0,001; ES = 0,80)";NA;NA;NA;NA;NA;NA;"post";NA;2010;"n";NA;"oth";"first two ind. after grp.";"7,16";"us";"adol";14,54;0,59;"com";"cut";"adol";NA;1;0;"0";0;1;NA;"Young, J. F., Mufson, L., & Gallop, R. (2010). Preventing depression: A randomized trial of interpersonal psychotherapy‐adolescent skills training. Depress Anxiety, 27(5), 426-433. ";"Young_2010_otherstat_cdrs-r_post_NA_clinician_ipt_cau_NA_NA";NA;NA;NA;NA;NA;NA
"116";"Young, 2016";"PSY vs CTR";"ipt";"other ctr";NA;NA;"Interpersonal Psychotherapy-Adolescent Skills Training (IPT-AST)";"group counselling";0,167;0,148;"msd";"ces-d";"self-report";11,12;8,57;93;12,62;9,28;90;NA;NA;NA;NA;NA;NA;NA;NA;NA;NA;NA;NA;NA;NA;NA;NA;15,51;8,52;95;15,07;8,65;91;"post";NA;2016;"n";NA;"oth";"2 ind + 8 grp + 1 individual mid-grp with parents";"11";"us";"adol";14,01;0,67;"com";"cut";"adol";NA;1;0;"sr";1;3;NA;"Young, J. F., Benas, J. S., Schueler, C. M., Gallop, R., Gillham, J. E., & Mufson, L. (2016). A randomized depression prevention trial comparing interpersonal psychotherapy—Adolescent skills training to group counseling in schools. Prevention Science, 17(3), 314-324. ";"Young_2016_msd_ces-d_post_NA_self-report_ipt_otherctr_NA_NA";NA;NA;NA;NA;NA;NA
"117";"Yu, 2002";"PSY vs CTR";"cbt";"cau";NA;NA;"cbt";"nt";0,246;0,137;"msd";"cdi";"self-report";13,64;9,01;101;16,02;10,16;114;NA;NA;NA;NA;NA;NA;NA;NA;NA;NA;NA;NA;NA;NA;NA;NA;17,44;NA;104;16,72;NA;116;"post";NA;2002;"n";NA;"grp";"grp";"10";"eas";"child";11,8;0,45;"oth";"cut";"child";NA;0;0;"sr";0;1;NA;"Yu, D. L., & Seligman, M. E. (2002). Preventing depressive symptoms in Chinese children. Prevention & Treatment, 5(1), 9a.";"Yu_2002_msd_cdi_post_NA_self-report_cbt_cau_NA_NA";NA;NA;NA;NA;NA;NA
"118";"Rohde, 2014a";"PSY vs CTR";"cbt";"other ctr";"cbt";"other ctr";"cognitive behavioral intervention (CB)";"educational brochure control";0,271356609920047;0,127079457773095;"msd";"K-SADS (adapted)";"clinician";1,4;0,32;126;1,5;0,41;124;NA;NA;NA;NA;NA;NA;NA;NA;NA;NA;NA;NA;NA;NA;NA;NA;1,37;0,35;126;1,38;0,36;124;"post";NA;2014;"n";NA;"grp";"grp";"6";"us";"adol";15,5;0,68;"com";"cut";"adol";NA;1;0;"1";1;3;NA;"Rohde, P., Stice, E., Shaw, H., & Brière, F. N. (2014). Indicated cognitive behavioral group depression prevention compared to bibliotherapy and brochure control: Acute effects of an effectiveness trial with adolescents. Journal of Consulting and Clinical Psychology, 82(1), 65. ";"Rohde_2014a_msd_K-SADS(adapted)_post_NA_clinician_cbt_otherctr_cbt_otherctr";NA;NA;NA;NA;NA;NA
"119";"Diamond, 2010";"PSY vs CTR";"other psy";"cau";NA;NA;"Attachment-Based Family Therapy";"enhanced cau";0,392206524012426;0,249043676474927;"msd";"bdi-ii";"self-report";12,6;13,88;35;18,5;15,91;31;NA;NA;NA;NA;NA;NA;NA;NA;NA;NA;NA;NA;NA;NA;NA;NA;33;9,66;35;33;9,37;31;"post";NA;2010;"y";"suicidality";"oth";"family";"12";"us";"adol";15,21;0,83;"clin";"cut";"adol";NA;1;1;"sr";1;4;NA;"Diamond, G. S., Wintersteen, M. B., Brown, G. K., Diamond, G. M., Gallop, R., Shelef, K., & Levy, S. (2010). Attachment-based family therapy for adolescents with suicidal ideation: A randomized controlled trial. Journal of the American Academy of Child & Adolescent Psychiatry, 49(2), 122-131.";"Diamond_2010_msd_bdi-ii_post_NA_self-report_otherpsy_cau_NA_NA";NA;NA;NA;NA;NA;NA
"120";"Tang, 2009";"PSY vs CTR";"ipt";"cau";NA;NA;"Intensive Interpersonal Psychotherapy for depressed adolescents with suicidal risk (IPT-A-IN)";"school-based supportive intervention and psychoeducation";0,860098388542142;0,245078128345195;"msd";"bdi-ii";"self-report";19,97;14,68;35;31,58;12,01;38;NA;NA;NA;NA;NA;NA;NA;NA;NA;NA;NA;NA;NA;NA;NA;NA;32,66;10,06;35;32,32;8,7;38;"post";NA;2009;"y";"suicidality";"ind";"ind";"12";"eas";"adol";15,25;0,66;"oth";"cut";"adol";NA;0;0;"sr";1;2;NA;"Tang, T. C., Jou, S. H., Ko, C. H., Huang, S. Y., & Yen, C. F. (2009). Randomized study of school‐based intensive interpersonal psychotherapy for depressed adolescents with suicidal risk and parasuicide behaviors. Psychiatry and Clinical Neurosciences, 63(4), 463-470.";"Tang_2009_msd_bdi-ii_post_NA_self-report_ipt_cau_NA_NA";NA;NA;NA;NA;NA;NA
"121";"Topooco, 2018";"PSY vs CTR";"cbt";"other ctr";NA;NA;"cbt";"attention control";0,696650741470353;0,246727966440921;"msd";"bdi-ii";"self-report";19,9;7,2;33;25,2;7,8;37;NA;NA;NA;NA;NA;NA;NA;NA;NA;NA;NA;NA;NA;NA;NA;NA;33,1;9,4;33;32,3;10,2;37;"post";NA;2018;"n";NA;"gsh";"gsh";"8";"eu";"adol";17,04;0,94;"com";"cut";"adol";NA;1;1;"sr";1;4;NA;"Topooco, N., Berg, M., Johansson, S., Liljethörn, L., Radvogin, E., Vlaescu, G., ... & Andersson, G. (2018). Chat-and internet-based cognitive–behavioural therapy in treatment of adolescent depression: randomised controlled trial. BJPsych open, 4(4), 199-207.";"Topooco_2018_msd_bdi-ii_post_NA_self-report_cbt_otherctr_NA_NA";NA;NA;NA;NA;NA;NA
"122";"Topooco, 2018";"PSY vs CTR";"cbt";"other ctr";NA;NA;"cbt";"attention control";0,368333619167742;0,241497294599107;"msd";"phq-9";"self-report";9,7;2,9;33;10,8;3;37;NA;NA;NA;NA;NA;NA;NA;NA;NA;NA;NA;NA;NA;NA;NA;NA;15,2;4,8;33;14,9;5;37;"post";NA;2018;"n";NA;"gsh";"gsh";"8";"eu";"adol";17,04;0,94;"com";"cut";"adol";NA;1;1;"sr";1;4;NA;"Topooco, N., Berg, M., Johansson, S., Liljethörn, L., Radvogin, E., Vlaescu, G., ... & Andersson, G. (2018). Chat-and internet-based cognitive–behavioural therapy in treatment of adolescent depression: randomised controlled trial. BJPsych open, 4(4), 199-207.";"Topooco_2018_msd_phq-9_post_NA_self-report_cbt_otherctr_NA_NA";NA;NA;NA;NA;NA;NA
"123";"Wood, 1996";"PSY vs CTR";"cbt";"other ctr";NA;NA;"cbt";"relaxing training";0,403712289957456;0,291698718597035;"msd";"mfq";"parent_report";14,9;10,4;24;19,8;13,3;24;NA;NA;NA;NA;NA;NA;NA;NA;NA;NA;NA;NA;NA;NA;NA;NA;25,8;9,8;24;28,7;11,6;24;"post";NA;1996;"n";NA;"ind";"ind";"6.4";"uk";"adol";14,2;0,69;"clin";"mood";"adol";NA;0;0;"0";1;1;NA;"Wood, A., Harrington, R., & Moore, A. (1996). Controlled trial of a brief cognitive–behavioural intervention in adolescent patients with depressive disorders. Journal of child psychology and psychiatry, 37(6), 737-746.";"Wood_1996_msd_mfq_post_NA_parent_report_cbt_otherctr_NA_NA";NA;NA;NA;NA;NA;NA
